2023-10-06 19:00:11,bpv,gr,2023-10-06,150,150,gr-bpv-sac1.wsgc.com
2023-10-06 19:00:14,bpv,mg,2023-10-06,61,61,mg-bpv-sac1.wsgc.com
2023-10-06 19:00:18,bpv,pb,2023-10-06,71,71,pb-bpv-sac1.wsgc.com
2023-10-06 19:00:25,bpv,pk,2023-10-06,656,656,pk-bpv-sac1.wsgc.com
2023-10-06 19:00:38,bpv,pt,2023-10-06,1128,1128,pt-bpv-sac1.wsgc.com
2023-10-06 19:00:43,bpv,rj,2023-10-06,1,1,rj-bpv-rk1v.wsgc.com
2023-10-06 19:00:45,bpv,we,2023-10-06,210,210,we-bpv-sac1.wsgc.com
2023-10-06 19:00:52,bpv,ws,2023-10-06,33,33,ws-bpv-sac1.wsgc.com
2023-10-06 19:01:03,cabpv,mg,2023-10-06,23,23,mg-cabpv-rk1v.wsgc.com
2023-10-06 19:01:47,cabpv,pb,2023-10-06,93,93,pb-cabpv-rk1v.wsgc.com
2023-10-06 19:01:48,cabpv,pk,2023-10-06,48,48,pk-cabpv-rk1v.wsgc.com
2023-10-06 19:01:50,cabpv,pt,2023-10-06,560,560,pt-cabpv-rk1v.wsgc.com
2023-10-06 19:01:54,cabpv,rj,2023-10-06,30,30,rj-cabpv-rk1v.wsgc.com
2023-10-06 19:01:58,cabpv,we,2023-10-06,41,41,we-cabpv-rk1v.wsgc.com
2023-10-06 19:02:00,cabpv,ws,2023-10-06,24,24,ws-cabpv-rk1v.wsgc.com
2023-10-05 18:00:10,caint3,mg,2023-10-04,1,1,mg-caint3-rk1.wsgc.com
2023-10-05 18:00:11,caint3,pb,2023-09-30,1,1,pb-caint3-rk1.wsgc.com
2023-10-05 18:00:56,caint3,pk,2023-10-01,1,1,pk-caint3-sac1.wsgc.com
2023-10-05 18:00:58,caint3,pt,2023-10-01,1,1,pt-caint3-sac1.wsgc.com
2023-10-05 18:01:00,caint3,rj,2023-10-04,1,1,rj-caint3-rk1.wsgc.com
2023-10-05 18:01:05,caint3,we,2023-10-04,1,1,we-caint3-rk1.wsgc.com
2023-10-05 18:01:07,caint3,ws,2023-10-04,1,1,ws-caint3-rk1.wsgc.com
2023-10-05 18:01:12,caint4,mg,2023-10-05,1,1,mg-caint4-rk1.wsgc.com
2023-10-05 18:01:19,caint4,pb,2023-10-05,1,1,pb-caint4-rk1.wsgc.com
2023-10-05 18:01:26,caint4,pk,2023-10-05,1,1,pk-caint4-rk1.wsgc.com
2023-10-05 18:01:32,caint4,pt,2023-10-05,1,1,pt-caint4-rk1.wsgc.com
2023-10-05 18:01:33,caint4,rj,2023-10-05,1,1,rj-caint4-rk1.wsgc.com
2023-10-05 18:01:40,caint4,we,2023-09-30,1,1,we-caint4-rk1.wsgc.com
2023-10-05 18:01:46,caint4,ws,2023-10-05,1,1,ws-caint4-rk1.wsgc.com
2023-10-05 18:01:56,caint5,mg,2023-10-05,1,1,mg-caint5-rk1.wsgc.com
2023-10-05 18:01:57,caint5,pb,2023-10-05,1,1,pb-caint5-rk1.wsgc.com
2023-10-05 18:01:57,caint5,pk,2023-10-05,1,1,pk-caint5-rk1.wsgc.com
2023-10-05 18:01:58,caint5,pt,2023-10-05,1,1,pt-caint5-rk1.wsgc.com
2023-10-05 18:01:58,caint5,rj,2023-10-05,1,1,rj-caint5-rk1.wsgc.com
2023-10-05 18:01:59,caint5,we,2023-10-05,1,1,we-caint5-rk1.wsgc.com
2023-10-05 18:01:59,caint5,ws,2023-10-05,1,1,ws-caint5-rk1.wsgc.com
2023-10-06 23:00:09,caperf,pb,2023-10-04,5,5,pb-caperf-rk1v.wsgc.com
2023-10-06 23:00:11,caperf,pk,2023-10-04,33,33,pk-caperf-rk1v.wsgc.com
2023-10-06 23:00:14,caperf,pt,2023-10-06,1,1,pt-caperf-rk1v.wsgc.com
2023-10-06 23:00:17,caperf,we,2023-10-04,7,7,we-caperf-rk1v.wsgc.com
2023-10-06 23:00:20,caperf,ws,2023-10-04,7,7,ws-caperf-rk1v.wsgc.com
2023-10-06 22:00:10,caqa10,pb,2023-10-06,1,1,pb-caqa10-rk1v.wsgc.com
2023-10-06 22:00:11,caqa10,pk,2023-10-06,1,1,pk-caqa10-rk1v.wsgc.com
2023-10-06 22:00:12,caqa10,pt,2023-10-06,10,10,pt-caqa10-rk1v.wsgc.com
2023-10-06 22:00:16,caqa10,we,2023-10-06,1,1,we-caqa10-rk1v.wsgc.com
2023-10-06 22:00:17,caqa10,ws,2023-10-06,1,1,ws-caqa10-rk1v.wsgc.com
2023-10-06 22:00:21,caqa11,pb,2023-10-06,17,17,pb-caqa11-rk1v.wsgc.com
2023-10-06 22:00:22,caqa11,pk,2023-10-06,12,12,pk-caqa11-rk1v.wsgc.com
2023-10-06 22:00:24,caqa11,pt,2023-10-06,13,13,pt-caqa11-rk1v.wsgc.com
2023-10-06 22:00:26,caqa11,we,2023-10-06,20,20,we-caqa11-rk1v.wsgc.com
2023-10-06 22:00:28,caqa11,ws,2023-10-06,12,12,ws-caqa11-rk1v.wsgc.com
2023-10-06 22:00:32,caqa31,pb,2023-10-06,1,1,pb-caqa31-rk1v.wsgc.com
2023-10-06 22:00:33,caqa31,pk,2023-10-06,1,1,pk-caqa31-rk1v.wsgc.com
2023-10-06 22:00:34,caqa31,pt,2023-10-06,23,23,pt-caqa31-rk1v.wsgc.com
2023-10-06 22:00:36,caqa31,we,2023-10-06,1,1,we-caqa31-rk1v.wsgc.com
2023-10-06 22:00:37,caqa31,ws,2023-10-06,1,1,ws-caqa31-rk1v.wsgc.com
2023-10-06 20:00:12,cargs1,mg,2023-10-06,1,1,mg-cargs1-rk1v.wsgc.com
2023-10-06 20:00:18,cargs1,pb,2023-10-06,1,1,pb-cargs1-rk1v.wsgc.com
2023-10-06 20:00:18,cargs1,pk,2023-10-06,1,1,pk-cargs1-rk1v.wsgc.com
2023-10-06 20:00:19,cargs1,pt,2023-10-06,1,1,pt-cargs1-rk1v.wsgc.com
2023-10-06 20:00:20,cargs1,rj,2023-10-06,1,1,rj-cargs1-rk1v.wsgc.com
2023-10-06 20:00:21,cargs1,we,2023-10-06,1,1,we-cargs1-rk1v.wsgc.com
2023-10-06 20:00:21,cargs1,ws,2023-10-06,1,1,ws-cargs1-rk1v.wsgc.com
2023-10-06 21:00:10,cauat1,pb,2023-10-06,9,9,pb-cauat1-rk1v.wsgc.com
2023-10-06 21:00:12,cauat1,pk,2023-10-03,4,4,pk-cauat1-rk1v.wsgc.com
2023-10-06 21:00:13,cauat1,pt,2023-10-06,2,2,pt-cauat1-rk1v.wsgc.com
2023-10-06 21:00:14,cauat1,we,2023-10-06,10,10,we-cauat1-rk1v.wsgc.com
2023-10-06 21:00:16,cauat1,ws,2023-10-06,10,10,ws-cauat1-rk1v.wsgc.com
2023-10-06 21:00:21,cauat2,pb,2023-10-06,1,1,pb-cauat2-rk1v.wsgc.com
2023-10-06 21:00:21,cauat2,pk,2023-10-06,1,1,pk-cauat2-rk1v.wsgc.com
2023-10-06 21:00:22,cauat2,pt,2023-10-06,1,1,pt-cauat2-rk1v.wsgc.com
2023-10-06 21:00:23,cauat2,we,2023-10-06,1,1,we-cauat2-rk1v.wsgc.com
2023-10-06 21:00:24,cauat2,ws,2023-10-06,1,1,ws-cauat2-rk1v.wsgc.com
2023-10-06 21:00:28,cauat3,mg,2023-10-06,60210,60209,mg-cauat3-rk1v.wsgc.com
2023-10-06 21:00:32,cauat3,pb,2023-10-06,987,987,pb-cauat3-rk1v.wsgc.com
2023-10-06 21:00:34,cauat3,pk,2023-10-06,7083,7083,pk-cauat3-rk1v.wsgc.com
2023-10-06 21:00:36,cauat3,pt,2023-10-06,2674,2674,pt-cauat3-rk1v.wsgc.com
2023-10-06 21:00:39,cauat3,rj,2023-10-06,40991,40990,rj-cauat3-rk1v.wsgc.com
2023-10-06 21:00:42,cauat3,we,2023-10-06,1094,1094,we-cauat3-rk1v.wsgc.com
2023-10-06 21:00:45,cauat3,ws,2023-10-06,1215,1215,ws-cauat3-rk1v.wsgc.com
2023-10-06 21:00:51,cauat4,pb,2023-10-06,1,1,pb-cauat4-rk1v.wsgc.com
2023-10-06 21:00:52,cauat4,pk,2023-10-06,1,1,pk-cauat4-rk1v.wsgc.com
2023-10-06 21:00:53,cauat4,pt,2023-10-06,1,1,pt-cauat4-rk1v.wsgc.com
2023-10-06 21:00:54,cauat4,we,2023-10-06,1,1,we-cauat4-rk1v.wsgc.com
2023-10-06 21:00:54,cauat4,ws,2023-10-06,1,1,ws-cauat4-rk1v.wsgc.com
2023-10-05 21:00:55,cauat6,pb,2023-10-04,15,15,pb-cauat6-rk1v.wsgc.com
2023-10-05 21:00:56,cauat6,pk,2023-10-05,2,2,pk-cauat6-rk1v.wsgc.com
2023-10-05 21:00:58,cauat6,pt,2023-10-05,3,3,pt-cauat6-rk1v.wsgc.com
2023-10-05 21:00:59,cauat6,we,2023-10-05,9,9,we-cauat6-rk1v.wsgc.com
2023-10-05 21:01:01,cauat6,ws,2023-10-05,9,9,ws-cauat6-rk1v.wsgc.com
2023-10-05 21:01:05,cauat7,pb,2023-10-05,1,1,pb-cauat7-rk1v.wsgc.com
2023-10-05 21:01:06,cauat7,pk,2023-10-05,1,1,pk-cauat7-rk1v.wsgc.com
2023-10-05 21:01:07,cauat7,pt,2023-10-05,1,1,pt-cauat7-rk1v.wsgc.com
2023-10-05 21:01:08,cauat7,we,2023-10-05,1,1,we-cauat7-rk1v.wsgc.com
2023-10-05 21:01:08,cauat7,ws,2023-10-05,1,1,ws-cauat7-rk1v.wsgc.com
2023-10-05 18:02:04,int1,mg,2023-10-05,1,1,mg-int1-rk1v.wsgc.com
2023-10-05 18:02:06,int1,pb,2023-10-05,1,1,pb-int1-rk1v.wsgc.com
2023-10-05 18:02:46,int1,pk,2023-10-05,1,1,pk-int1-rk1v.wsgc.com
2023-10-05 18:02:48,int1,pt,2023-10-05,1,1,pt-int1-rk1v.wsgc.com
2023-10-05 18:02:49,int1,we,2023-10-04,1,1,we-int1-rk1v.wsgc.com
2023-10-05 18:02:57,int1,ws,2023-10-04,1,1,ws-int1-rk1v.wsgc.com
2023-10-05 18:03:09,int2,mg,2023-10-05,1,1,mg-int2-rk1v.wsgc.com
2023-10-05 18:03:10,int2,pb,2023-10-05,1,1,pb-int2-rk1v.wsgc.com
2023-10-05 18:03:17,int2,pk,2023-10-05,1,1,pk-int2-rk1v.wsgc.com
2023-10-05 18:03:19,int2,pt,2023-10-05,2,2,pt-int2-rk1v.wsgc.com
2023-10-05 18:03:27,int2,we,2023-10-04,3,3,we-int2-rk1v.wsgc.com
2023-10-05 18:03:41,int2,ws,2023-10-05,1,1,ws-int2-rk1v.wsgc.com
2023-10-05 18:04:25,int3,gr,2023-10-04,1,1,gr-int3-rk1v.wsgc.com
2023-10-05 18:04:32,int3,mg,2023-10-01,3,3,mg-int3-rk1v.wsgc.com
2023-10-05 18:04:36,int3,pb,2023-10-01,3,3,pb-int3-rk1v.wsgc.com
2023-10-05 18:05:22,int3,pk,2023-10-04,1,1,pk-int3-rk1v.wsgc.com
2023-10-05 18:05:26,int3,pt,2023-10-04,1,1,pt-int3-rk1v.wsgc.com
2023-10-05 18:05:29,int3,rj,2023-09-30,1,1,rj-int3-rk1v.wsgc.com
2023-10-05 18:05:36,int3,we,2023-10-03,14,14,we-int3-rk1v.wsgc.com
2023-10-05 18:06:18,int3,ws,2023-10-01,3,3,ws-int3-rk1v.wsgc.com
2023-10-05 18:06:24,int4,gr,2023-10-05,1,1,gr-int4-rk1.wsgc.com
2023-10-05 18:06:31,int4,mg,2023-09-30,1,1,mg-int4-rk1.wsgc.com
2023-10-05 18:06:34,int4,pb,2023-09-09,1,1,pb-int4-rk1.wsgc.com
2023-10-05 18:07:16,int4,pk,2023-09-30,1,1,pk-int4-rk1.wsgc.com
2023-10-05 18:07:20,int4,pt,2023-09-30,1,1,pt-int4-rk1.wsgc.com
2023-10-05 18:07:23,int4,rj,2023-09-30,1,1,rj-int4-rk1.wsgc.com
2023-10-05 18:07:31,int4,we,2023-10-03,3,3,we-int4-rk1.wsgc.com
2023-10-05 18:07:34,int4,ws,2023-09-30,1,1,ws-int4-rk1.wsgc.com
2023-10-05 18:07:42,int5,gr,2023-10-05,1,1,gr-int5-rk1.wsgc.com
2023-10-05 18:07:49,int5,mg,2023-09-30,1,1,mg-int5-rk1.wsgc.com
2023-10-05 18:07:52,int5,pb,2023-10-04,1,1,pb-int5-rk1.wsgc.com
2023-10-05 18:07:56,int5,pk,2023-10-04,1,1,pk-int5-rk1.wsgc.com
2023-10-05 18:08:00,int5,pt,2023-10-05,1,1,pt-int5-rk1.wsgc.com
2023-10-05 18:08:01,int5,rj,2023-09-30,1,1,rj-int5-rk1.wsgc.com
2023-10-05 18:08:08,int5,we,2023-10-04,1,1,we-int5-rk1.wsgc.com
2023-10-05 18:08:13,int5,ws,2023-10-04,1,1,ws-int5-rk1.wsgc.com
2023-10-05 18:08:21,int6,mg,2023-10-05,1,1,efesac-vicn054.wsgc.com
2023-10-05 18:08:22,int6,pb,2023-10-05,1,1,efesac-vicn053.wsgc.com
2023-10-05 18:08:23,int6,pk,2023-10-05,1,1,efesac-vicn051.wsgc.com
2023-10-05 18:08:26,int6,pt,2023-10-05,1,1,efesac-vicn052.wsgc.com
2023-10-05 18:08:32,int6,we,2023-10-05,1,1,efesac-vicn050.wsgc.com
2023-10-05 18:08:35,int6,ws,2023-10-05,1,1,efesac-vicn049.wsgc.com
2023-10-05 18:08:43,int7,mg,2023-10-05,1,1,efesac-vicn049.wsgc.com
2023-10-05 18:08:44,int7,pb,2023-10-05,1,1,efesac-vicn050.wsgc.com
2023-10-05 18:08:45,int7,pk,2023-10-05,1,1,efesac-vicn051.wsgc.com
2023-10-05 18:08:46,int7,pt,2023-10-05,1,1,efesac-vicn052.wsgc.com
2023-10-05 18:08:50,int7,we,2023-10-05,1,1,efesac-vicn053.wsgc.com
2023-10-05 18:08:51,int7,ws,2023-10-05,1,1,efesac-vicn054.wsgc.com
2023-10-06 23:00:26,perf,mg,2023-10-06,431966,431955,mg-xcprf-rk2v.wsgc.com
2023-10-06 23:00:44,perf,pb,2023-10-06,20171,20171,pb-xcprf-rk5v.wsgc.com
2023-10-06 23:00:59,perf,pk,2023-10-06,630035,630018,pk-xcprf-rk3v.wsgc.com
2023-10-06 23:01:22,perf,pt,2023-10-06,79746,79746,pt-xcprf-rk2v.wsgc.com
2023-10-06 23:01:31,perf,rj,2023-10-06,158842,158841,rj-xcprf-rk2v.wsgc.com
2023-10-06 23:01:40,perf,we,2023-10-06,23265,23265,we-xcprf-rk3v.wsgc.com
2023-10-06 23:01:49,perf,ws,2023-10-06,156642,156642,ws-xcprf-rk3v.wsgc.com
2023-10-06 22:00:41,qa1,mg,2023-10-06,1,1,mg-intdev1-rk1.wsgc.com
2023-10-06 22:00:42,qa1,pb,2023-10-06,1,1,pb-intdev1-rk1.wsgc.com
2023-10-06 22:00:45,qa1,pk,2023-10-06,1,1,pk-intdev1-rk1.wsgc.com
2023-10-06 22:00:56,qa1,pt,2023-10-06,1,1,pt-intdev1-rk1.wsgc.com
2023-10-06 22:00:59,qa1,we,2023-10-06,1,1,we-intdev1-rk1.wsgc.com
2023-10-06 22:01:01,qa1,ws,2023-10-06,1,1,ws-intdev1-rk1.wsgc.com
2023-10-06 22:01:08,qa10,mg,2023-10-06,1,1,mg-intdev10-rk1.wsgc.com
2023-10-06 22:01:09,qa10,pb,2023-10-06,2199,2199,pb-intdev10-rk1.wsgc.com
2023-10-06 22:01:11,qa10,pk,2023-10-06,109,109,pk-intdev10-rk1.wsgc.com
2023-10-06 22:01:16,qa10,pt,2023-10-06,1,1,pt-intdev10-rk1.wsgc.com
2023-10-06 22:01:18,qa10,rj,2023-10-06,1,1,rj-qa10-sac1v.wsgc.com
2023-10-06 22:01:19,qa10,we,2023-10-06,1,1,we-intdev10-rk1.wsgc.com
2023-10-06 22:01:20,qa10,ws,2023-10-06,1,1,ws-intdev10-rk1.wsgc.com
2023-10-06 22:01:24,qa11,mg,2023-10-06,1,1,mg-intdev11-rk1.wsgc.com
2023-10-06 22:01:25,qa11,pb,2023-10-06,1,1,pb-intdev11-rk1.wsgc.com
2023-10-06 22:01:28,qa11,pk,2023-10-06,1,1,pk-intdev11-rk1.wsgc.com
2023-10-06 22:01:30,qa11,pt,2023-10-06,1,1,pt-intdev11-rk1.wsgc.com
2023-10-06 22:01:32,qa11,rj,2023-10-06,1,1,rj-qa11-sac1v.wsgc.com
2023-10-06 22:01:33,qa11,we,2023-10-06,1,1,we-intdev11-rk1.wsgc.com
2023-10-06 22:01:34,qa11,ws,2023-10-06,1,1,ws-intdev11-rk1.wsgc.com
2023-10-06 22:01:39,qa12,mg,2023-10-06,1,1,mg-intdev12-rk1.wsgc.com
2023-10-06 22:01:40,qa12,pb,2023-10-06,1,1,pb-intdev12-rk1.wsgc.com
2023-10-06 22:02:05,qa12,pk,2023-10-06,1,1,pk-intdev12-rk1.wsgc.com
2023-10-06 22:02:07,qa12,pt,2023-10-06,1,1,pt-intdev12-rk1.wsgc.com
2023-10-06 22:02:09,qa12,we,2023-10-06,1,1,we-intdev12-rk1.wsgc.com
2023-10-06 22:02:11,qa12,ws,2023-10-06,1,1,ws-intdev12-rk1.wsgc.com
2023-10-06 22:02:17,qa13,mg,2023-10-06,1,1,mg-intdev13-rk1.wsgc.com
2023-10-06 22:02:18,qa13,pb,2023-10-06,1,1,pb-intdev13-rk1.wsgc.com
2023-10-06 22:02:19,qa13,pk,2023-10-06,1,1,pk-intdev13-rk1.wsgc.com
2023-10-06 22:02:21,qa13,pt,2023-10-06,1,1,pt-intdev13-rk1.wsgc.com
2023-10-06 22:02:23,qa13,we,2023-10-06,1,1,we-intdev13-rk1.wsgc.com
2023-10-06 22:02:25,qa13,ws,2023-10-06,1,1,ws-intdev13-rk1.wsgc.com
2023-10-06 22:02:29,qa14,mg,2023-10-06,1,1,mg-intdev14-rk1.wsgc.com
2023-10-06 22:02:30,qa14,pb,2023-10-06,1,1,pb-intdev14-rk1.wsgc.com
2023-10-06 22:02:33,qa14,pk,2023-10-05,4,4,pk-intdev14-rk1.wsgc.com
2023-10-06 22:02:40,qa14,pt,2023-10-06,1,1,pt-intdev14-rk1.wsgc.com
2023-10-06 22:02:42,qa14,rj,2023-10-06,1,1,rj-qa14-rk1v.wsgc.com
2023-10-06 22:02:43,qa14,we,2023-10-06,1,1,we-intdev14-rk1.wsgc.com
2023-10-06 22:02:45,qa14,ws,2023-10-06,1,1,ws-intdev14-rk1.wsgc.com
2023-10-06 22:02:51,qa15,mg,2023-09-30,1,1,mg-qa15-rk1v.wsgc.com
2023-10-06 22:03:00,qa15,pb,2023-09-27,1,1,pb-qa15-rk1v.wsgc.com
2023-10-06 22:03:06,qa15,pk,2023-09-30,1,1,pk-qa15-rk1v.wsgc.com
2023-10-06 22:03:14,qa15,pt,2023-10-06,1,1,pt-qa15-rk1v.wsgc.com
2023-10-06 22:03:15,qa15,we,2023-10-04,1,1,we-qa15-rk1v.wsgc.com
2023-10-06 22:03:23,qa15,ws,2023-10-04,1,1,ws-qa15-rk1v.wsgc.com
2023-10-06 22:03:35,qa16,mg,2023-10-06,1,1,mg-qa16-rk1v.wsgc.com
2023-10-06 22:03:37,qa16,pb,2023-10-06,1,1,pb-qa16-rk1v.wsgc.com
2023-10-06 22:04:18,qa16,pk,2023-10-06,1,1,pk-qa16-rk1v.wsgc.com
2023-10-06 22:04:19,qa16,pt,2023-10-06,1,1,pt-qa16-rk1v.wsgc.com
2023-10-06 22:04:21,qa16,we,2023-10-06,1,1,we-qa16-rk1v.wsgc.com
2023-10-06 22:04:23,qa16,ws,2023-10-06,1,1,ws-qa16-rk1v.wsgc.com
2023-10-06 22:04:29,qa17,mg,2023-10-06,1,1,mg-intdev17-rk1.wsgc.com
2023-10-06 22:04:30,qa17,pb,2023-10-06,1,1,pb-intdev17-rk1.wsgc.com
2023-10-06 22:04:32,qa17,pk,2023-10-06,1,1,pk-intdev17-rk1.wsgc.com
2023-10-06 22:04:35,qa17,pt,2023-10-06,1,1,pt-intdev17-rk1.wsgc.com
2023-10-06 22:04:37,qa17,we,2023-10-06,1,1,we-intdev17-rk1.wsgc.com
2023-10-06 22:05:18,qa17,ws,2023-10-06,1,1,ws-intdev17-rk1.wsgc.com
2023-10-06 22:05:35,qa18,mg,2023-10-06,1,1,mg-intdev18-rk1.wsgc.com
2023-10-06 22:05:37,qa18,pb,2023-10-06,1,1,pb-intdev18-rk1.wsgc.com
2023-10-06 22:05:51,qa18,pk,2023-10-06,1,1,pk-intdev18-rk1.wsgc.com
2023-10-06 22:05:54,qa18,pt,2023-10-06,1,1,pt-intdev18-rk1.wsgc.com
2023-10-06 22:05:57,qa18,we,2023-10-06,1,1,we-intdev18-rk1.wsgc.com
2023-10-06 22:06:03,qa18,ws,2023-10-06,1,1,ws-intdev18-rk1.wsgc.com
2023-10-06 22:06:09,qa19,mg,2023-10-06,1,1,mg-intdev19-rk1.wsgc.com
2023-10-06 22:06:11,qa19,pb,2023-10-06,1,1,pb-intdev19-rk1.wsgc.com
2023-10-06 22:06:52,qa19,pk,2023-10-06,1,1,pk-intdev19-rk1.wsgc.com
2023-10-06 22:06:53,qa19,pt,2023-10-06,1,1,pt-intdev19-rk1.wsgc.com
2023-10-06 22:06:55,qa19,we,2023-10-06,1,1,we-intdev19-rk1.wsgc.com
2023-10-06 22:06:57,qa19,ws,2023-10-06,1,1,ws-intdev19-rk1.wsgc.com
2023-10-06 22:07:04,qa2,mg,2023-10-06,1,1,mg-intdev2-rk1.wsgc.com
2023-10-06 22:07:05,qa2,pb,2023-10-06,1,1,pb-intdev2-rk1.wsgc.com
2023-10-06 22:07:06,qa2,pk,2023-10-06,1,1,pk-intdev2-rk1.wsgc.com
2023-10-06 22:07:08,qa2,pt,2023-10-06,1,1,pt-intdev2-rk1.wsgc.com
2023-10-06 22:07:10,qa2,rj,2023-10-06,1,1,rj-qa2-rk1v.wsgc.com
2023-10-06 22:07:11,qa2,we,2023-10-06,1,1,we-intdev2-rk1.wsgc.com
2023-10-06 22:07:12,qa2,ws,2023-10-06,1,1,ws-intdev2-rk1.wsgc.com
2023-10-06 22:07:16,qa20,mg,2023-10-06,1,1,mg-intdev20-rk1.wsgc.com
2023-10-06 22:07:18,qa20,pb,2023-10-06,1,1,pb-intdev20-rk1.wsgc.com
2023-10-06 22:07:23,qa20,pk,2023-10-06,1,1,pk-intdev20-rk1.wsgc.com
2023-10-06 22:07:25,qa20,pt,2023-10-06,1,1,pt-intdev20-rk1.wsgc.com
2023-10-06 22:07:26,qa20,we,2023-10-06,1,1,we-intdev20-rk1.wsgc.com
2023-10-06 22:07:29,qa20,ws,2023-10-06,1,1,ws-intdev20-rk1.wsgc.com
2023-10-05 22:06:34,qa21,mg,2023-10-05,1,1,mg-intdev21-rk1.wsgc.com
2023-10-05 22:06:35,qa21,pb,2023-10-04,32,32,pb-intdev21-rk1.wsgc.com
2023-10-05 22:06:42,qa21,pk,2023-10-04,28,28,pk-intdev21-rk1.wsgc.com
2023-10-05 22:06:51,qa21,pt,2023-09-30,1,1,pt-intdev21-rk1.wsgc.com
2023-10-05 22:06:59,qa21,we,2023-10-05,1,1,we-intdev21-rk1.wsgc.com
2023-10-05 22:07:00,qa21,ws,2023-10-05,1,1,ws-intdev21-rk1.wsgc.com
2023-10-05 22:07:04,qa22,mg,2023-10-05,1,1,mg-intdev22-rk1.wsgc.com
2023-10-05 22:07:06,qa22,pb,2023-10-05,1,1,pb-intdev22-rk1.wsgc.com
2023-10-05 22:07:09,qa22,pk,2023-10-04,50,50,pk-intdev22-rk1.wsgc.com
2023-10-05 22:07:17,qa22,pt,2023-10-05,1,1,pt-intdev22-rk1.wsgc.com
2023-10-05 22:07:19,qa22,we,2023-10-05,1,1,we-intdev22-rk1.wsgc.com
2023-10-05 22:07:22,qa22,ws,2023-10-05,1,1,ws-intdev22-rk1.wsgc.com
2023-10-05 22:07:45,qa23,mg,2023-10-05,1,1,mg-intdev23-rk1.wsgc.com
2023-10-05 22:07:46,qa23,pb,2023-10-05,1,1,pb-intdev23-rk1.wsgc.com
2023-10-05 22:07:47,qa23,pk,2023-09-27,2,2,pk-intdev23-rk1.wsgc.com
2023-10-05 22:07:54,qa23,pt,2023-10-05,1,1,pt-intdev23-rk1.wsgc.com
2023-10-05 22:08:02,qa23,we,2023-10-05,1,1,we-intdev23-rk1.wsgc.com
2023-10-05 22:08:03,qa23,ws,2023-10-05,1,1,ws-intdev23-rk1.wsgc.com
2023-10-05 22:08:07,qa24,mg,2023-10-05,1,1,mg-intdev24-rk1.wsgc.com
2023-10-05 22:08:08,qa24,pb,2023-10-05,1,1,pb-intdev24-rk1.wsgc.com
2023-10-05 22:08:09,qa24,pk,2023-10-05,1,1,pk-intdev24-rk1.wsgc.com
2023-10-05 22:08:12,qa24,pt,2023-10-05,1,1,pt-intdev24-rk1.wsgc.com
2023-10-05 22:08:12,qa24,we,2023-10-05,1,1,we-intdev24-rk1.wsgc.com
2023-10-05 22:08:13,qa24,ws,2023-10-05,1,1,ws-intdev24-rk1.wsgc.com
2023-10-05 22:08:17,qa25,mg,2023-10-05,1,1,mg-intdev25-rk1.wsgc.com
2023-10-05 22:08:18,qa25,pb,2023-10-05,1,1,pb-intdev25-rk1.wsgc.com
2023-10-05 22:08:19,qa25,pk,2023-10-05,1,1,pk-intdev25-rk1.wsgc.com
2023-10-05 22:08:20,qa25,pt,2023-10-05,1,1,pt-intdev25-rk1.wsgc.com
2023-10-05 22:08:21,qa25,we,2023-10-05,1,1,we-intdev25-rk1.wsgc.com
2023-10-05 22:08:21,qa25,ws,2023-10-05,1,1,ws-intdev25-rk1.wsgc.com
2023-10-05 22:08:26,qa26,mg,2023-10-05,1,1,mg-intdev26-rk1.wsgc.com
2023-10-05 22:08:27,qa26,pb,2023-10-05,1,1,pb-intdev26-rk1.wsgc.com
2023-10-05 22:08:28,qa26,pk,2023-10-05,1,1,pk-intdev26-rk1.wsgc.com
2023-10-05 22:08:28,qa26,pt,2023-10-05,1,1,pt-intdev26-rk1.wsgc.com
2023-10-05 22:08:29,qa26,we,2023-10-05,1,1,we-intdev26-rk1.wsgc.com
2023-10-05 22:08:30,qa26,ws,2023-10-05,1,1,ws-intdev26-rk1.wsgc.com
2023-10-05 22:08:34,qa27,mg,2023-10-05,1,1,mg-intdev27-rk1.wsgc.com
2023-10-05 22:08:36,qa27,pb,2023-10-05,1,1,pb-intdev27-rk1.wsgc.com
2023-10-05 22:08:37,qa27,pk,2023-10-05,1,1,pk-intdev27-rk1.wsgc.com
2023-10-05 22:08:40,qa27,pt,2023-10-05,1,1,pt-intdev27-rk1.wsgc.com
2023-10-05 22:08:41,qa27,rj,2023-10-05,1,1,rj-qa27-rk1v.wsgc.com
2023-10-05 22:08:42,qa27,we,2023-10-05,1,1,we-intdev27-rk1.wsgc.com
2023-10-05 22:08:44,qa27,ws,2023-10-05,1,1,ws-intdev27-rk1.wsgc.com
2023-10-05 22:08:49,qa28,mg,2023-10-05,1,1,mg-intdev28-rk1.wsgc.com
2023-10-05 22:08:50,qa28,pb,2023-10-05,3,3,pb-intdev28-rk1.wsgc.com
2023-10-05 22:09:33,qa28,pk,2023-10-05,1,1,pk-intdev28-rk1.wsgc.com
2023-10-05 22:09:34,qa28,pt,2023-10-05,1,1,pt-intdev28-rk1.wsgc.com
2023-10-05 22:09:36,qa28,we,2023-10-05,1,1,we-intdev28-rk1.wsgc.com
2023-10-05 22:09:37,qa28,ws,2023-10-05,1,1,ws-intdev28-rk1.wsgc.com
2023-10-05 22:09:43,qa29,mg,2023-10-05,1,1,mg-intdev29-rk1.wsgc.com
2023-10-05 22:09:45,qa29,pb,2023-10-05,1,1,pb-intdev29-rk1.wsgc.com
2023-10-05 22:09:47,qa29,pk,2023-10-05,1,1,pk-intdev29-rk1.wsgc.com
2023-10-05 22:09:48,qa29,pt,2023-09-16,1,1,pt-intdev29-rk1.wsgc.com
2023-10-05 22:09:56,qa29,we,2023-10-05,1,1,we-intdev29-rk1.wsgc.com
2023-10-05 22:09:57,qa29,ws,2023-10-05,1,1,ws-intdev29-rk1.wsgc.com
2023-10-05 22:10:03,qa3,mg,2023-10-05,1,1,mg-intdev3-rk1.wsgc.com
2023-10-05 22:10:04,qa3,pb,2023-10-05,1,1,pb-intdev3-rk1.wsgc.com
2023-10-05 22:10:05,qa3,pk,2023-10-05,1,1,pk-intdev3-rk1.wsgc.com
2023-10-05 22:10:06,qa3,pt,2023-10-05,1,1,pt-intdev3-rk1.wsgc.com
2023-10-05 22:10:08,qa3,we,2023-10-05,1,1,we-intdev3-rk1.wsgc.com
2023-10-05 22:10:09,qa3,ws,2023-10-05,1,1,ws-intdev3-rk1.wsgc.com
2023-10-05 22:10:13,qa30,mg,2023-10-05,1,1,mg-intdev30-rk1.wsgc.com
2023-10-05 22:10:14,qa30,pb,2023-10-05,1,1,pb-intdev30-rk1.wsgc.com
2023-10-05 22:10:15,qa30,pk,2023-10-05,1,1,pk-intdev30-rk1.wsgc.com
2023-10-05 22:10:16,qa30,pt,2023-10-05,1,1,pt-intdev30-rk1.wsgc.com
2023-10-05 22:10:18,qa30,we,2023-10-05,1,1,we-intdev30-rk1.wsgc.com
2023-10-05 22:10:19,qa30,ws,2023-10-05,1,1,ws-intdev30-rk1.wsgc.com
2023-10-05 22:10:24,qa31,mg,2023-10-05,12,12,mg-intdev31-rk1.wsgc.com
2023-10-05 22:10:28,qa31,pb,2023-10-05,104,104,pb-intdev31-rk1.wsgc.com
2023-10-05 22:10:33,qa31,pk,2023-10-05,29,29,pk-intdev31-rk1.wsgc.com
2023-10-05 22:10:36,qa31,pt,2023-10-05,28,28,pt-intdev31-rk1.wsgc.com
2023-10-05 22:10:40,qa31,rj,2023-10-05,1,1,rj-qa31-sac1v.wsgc.com
2023-10-05 22:10:41,qa31,we,2023-10-05,20,20,we-intdev31-rk1.wsgc.com
2023-10-05 22:10:45,qa31,ws,2023-10-05,31,31,ws-intdev31-rk1.wsgc.com
2023-10-05 22:10:52,qa32,mg,2023-10-05,1,1,mg-intdev32-rk1.wsgc.com
2023-10-05 22:10:53,qa32,pb,2023-10-05,1,1,pb-intdev32-rk1.wsgc.com
2023-10-05 22:10:55,qa32,pk,2023-10-05,1,1,pk-intdev32-rk1.wsgc.com
2023-10-05 22:10:56,qa32,pt,2023-10-05,1,1,pt-intdev32-rk1.wsgc.com
2023-10-05 22:10:58,qa32,we,2023-10-05,1,1,we-intdev32-rk1.wsgc.com
2023-10-05 22:10:59,qa32,ws,2023-10-04,4,4,ws-intdev32-rk1.wsgc.com
2023-10-05 22:11:09,qa33,mg,2023-09-30,1,1,mg-intdev33-rk1.wsgc.com
2023-10-05 22:11:12,qa33,pb,2023-10-05,1,1,pb-intdev33-rk1.wsgc.com
2023-10-05 22:11:13,qa33,pk,2023-10-05,1,1,pk-intdev33-rk1.wsgc.com
2023-10-05 22:11:14,qa33,pt,2023-10-05,1,1,pt-intdev33-rk1.wsgc.com
2023-10-05 22:11:15,qa33,we,2023-10-05,1,1,we-intdev33-rk1.wsgc.com
2023-10-05 22:11:16,qa33,ws,2023-10-05,1,1,ws-intdev33-rk1.wsgc.com
2023-10-05 22:11:20,qa34,mg,2023-10-05,1,1,mg-intdev34-rk1.wsgc.com
2023-10-05 22:11:22,qa34,pb,2023-10-05,1,1,pb-intdev34-rk1.wsgc.com
2023-10-05 22:11:23,qa34,pk,2023-10-05,1,1,pk-intdev34-rk1.wsgc.com
2023-10-05 22:11:24,qa34,pt,2023-10-05,1,1,pt-intdev34-rk1.wsgc.com
2023-10-05 22:11:25,qa34,we,2023-10-05,1,1,we-intdev34-rk1.wsgc.com
2023-10-05 22:11:27,qa34,ws,2023-10-05,1,1,ws-intdev34-rk1.wsgc.com
2023-10-05 22:11:31,qa35,mg,2023-10-05,2,2,mg-intdev35-rk1.wsgc.com
2023-10-05 22:11:38,qa35,pb,2023-09-30,1,1,pb-intdev35-rk1.wsgc.com
2023-10-05 22:11:44,qa35,pk,2023-10-04,43,43,pk-intdev35-rk1.wsgc.com
2023-10-05 22:11:51,qa35,pt,2023-09-30,1,1,pt-intdev35-rk1.wsgc.com
2023-10-05 22:11:58,qa35,we,2023-10-04,1,1,we-intdev35-rk1.wsgc.com
2023-10-05 22:12:05,qa35,ws,2023-10-04,42,42,ws-intdev35-rk1.wsgc.com
2023-10-05 22:12:15,qa36,mg,2023-10-05,1,1,mg-intdev36-rk1.wsgc.com
2023-10-05 22:12:16,qa36,pb,2023-10-05,1,1,pb-intdev36-rk1.wsgc.com
2023-10-05 22:12:17,qa36,pk,2023-10-05,1,1,pk-intdev36-rk1.wsgc.com
2023-10-05 22:12:18,qa36,pt,2023-10-05,1,1,pt-intdev36-rk1.wsgc.com
2023-10-05 22:12:19,qa36,rj,2023-10-05,1,1,rj-qa36-rk1v.wsgc.com
2023-10-05 22:12:20,qa36,we,2023-10-05,1,1,we-intdev36-rk1.wsgc.com
2023-10-05 22:12:21,qa36,ws,2023-10-05,1,1,ws-intdev36-rk1.wsgc.com
2023-10-05 22:12:26,qa37,mg,2023-10-04,12,12,mg-intdev37-rk1.wsgc.com
2023-10-05 22:12:32,qa37,pb,2023-10-05,4,4,pb-intdev37-rk1.wsgc.com
2023-10-05 22:12:45,qa37,pk,2023-10-04,4,4,pk-intdev37-rk1.wsgc.com
2023-10-05 22:12:51,qa37,pt,2023-10-05,1,1,pt-intdev37-rk1.wsgc.com
2023-10-05 22:12:52,qa37,we,2023-10-05,253,253,we-intdev37-rk1.wsgc.com
2023-10-05 22:12:54,qa37,ws,2023-10-05,24,24,ws-intdev37-rk1.wsgc.com
2023-10-05 22:13:44,qa38,mg,2023-10-04,55,55,mg-intdev38-rk1.wsgc.com
2023-10-05 22:13:50,qa38,pb,2023-10-04,55,55,pb-intdev38-rk1.wsgc.com
2023-10-05 22:13:56,qa38,pk,2023-10-04,44,44,pk-intdev38-rk1.wsgc.com
2023-10-05 22:14:02,qa38,pt,2023-10-05,1,1,pt-intdev38-rk1.wsgc.com
2023-10-05 22:14:03,qa38,we,2023-10-04,51,51,we-intdev38-rk1.wsgc.com
2023-10-05 22:14:09,qa38,ws,2023-09-30,1,1,ws-intdev38-rk1.wsgc.com
2023-10-05 22:14:18,qa39,mg,2023-10-05,1,1,mg-intdev39-rk1.wsgc.com
2023-10-05 22:14:24,qa39,pb,2023-10-05,1,1,pb-intdev39-rk1.wsgc.com
2023-10-05 22:15:05,qa39,pk,2023-10-02,2,2,pk-intdev39-rk1.wsgc.com
2023-10-05 22:15:52,qa39,pt,2023-10-05,1,1,pt-intdev39-rk1.wsgc.com
2023-10-05 22:16:33,qa39,we,2023-10-05,1,1,we-intdev39-rk1.wsgc.com
2023-10-05 22:17:14,qa39,ws,2023-10-05,1,1,ws-intdev39-rk1.wsgc.com
2023-10-05 22:17:18,qa4,mg,2023-10-05,1,1,mg-intdev4-rk1.wsgc.com
2023-10-05 22:17:19,qa4,pb,2023-10-05,1,1,pb-intdev4-rk1.wsgc.com
2023-10-05 22:17:21,qa4,pk,2023-10-05,1,1,pk-intdev4-rk1.wsgc.com
2023-10-05 22:17:22,qa4,pt,2023-10-05,1,1,pt-intdev4-rk1.wsgc.com
2023-10-05 22:17:23,qa4,we,2023-10-04,1,1,we-intdev4-rk1.wsgc.com
2023-10-05 22:17:31,qa4,ws,2023-10-04,1,1,ws-intdev4-rk1.wsgc.com
2023-10-05 22:17:42,qa40,mg,2023-10-05,1,1,mg-intdev40-sac1.wsgc.com
2023-10-05 22:17:44,qa40,pb,2023-10-05,1,1,pb-intdev40-sac1.wsgc.com
2023-10-05 22:18:25,qa40,pk,2023-10-05,1,1,pk-intdev40-sac1.wsgc.com
2023-10-05 22:18:28,qa40,pt,2023-10-05,1,1,pt-intdev40-sac1.wsgc.com
2023-10-05 22:18:30,qa40,we,2023-10-05,1,1,we-intdev40-sac1.wsgc.com
2023-10-05 22:18:34,qa40,ws,2023-10-05,1,1,ws-intdev40-sac1.wsgc.com
2023-10-05 22:18:42,qa41,mg,2023-10-05,1,1,mg-intdev41-sac1.wsgc.com
2023-10-05 22:18:44,qa41,pb,2023-10-05,1253,1253,pb-intdev41-sac1.wsgc.com
2023-10-05 22:18:54,qa41,pk,2023-10-05,1,1,pk-intdev41-sac1.wsgc.com
2023-10-05 22:18:57,qa41,pt,2023-10-05,1,1,pt-intdev41-sac1.wsgc.com
2023-10-05 22:19:38,qa41,we,2023-10-05,1,1,we-intdev41-sac1.wsgc.com
2023-10-05 22:19:41,qa41,ws,2023-10-05,1,1,ws-intdev41-sac1.wsgc.com
2023-10-05 22:19:45,qa42,mg,2023-10-05,1,1,mg-intdev42-sac1.wsgc.com
2023-10-05 22:19:46,qa42,pb,2023-10-05,1,1,pb-intdev42-sac1.wsgc.com
2023-10-05 22:19:48,qa42,pk,2023-10-05,1,1,pk-intdev42-sac1.wsgc.com
2023-10-05 22:19:49,qa42,pt,2023-10-05,1,1,pt-intdev42-sac1.wsgc.com
2023-10-05 22:19:51,qa42,rj,2023-10-05,1,1,rj-qa42-rk1v.wsgc.com
2023-10-05 22:19:58,qa42,we,2023-10-05,1,1,we-intdev42-sac1.wsgc.com
2023-10-05 22:20:03,qa42,ws,2023-10-05,1,1,ws-intdev42-sac1.wsgc.com
2023-10-05 22:20:47,qa43,mg,2023-10-05,1,1,mg-intdev43-sac1.wsgc.com
2023-10-05 22:20:48,qa43,pb,2023-10-05,1,1,pb-intdev43-sac1.wsgc.com
2023-10-05 22:20:49,qa43,pk,2023-10-05,1,1,pk-intdev43-sac1.wsgc.com
2023-10-05 22:21:17,qa43,pt,2023-10-05,1,1,pt-intdev43-sac1.wsgc.com
2023-10-05 22:21:20,qa43,we,2023-10-05,1,1,we-intdev43-sac1.wsgc.com
2023-10-05 22:22:01,qa43,ws,2023-10-05,1,1,ws-intdev43-sac1.wsgc.com
2023-10-05 22:22:09,qa44,mg,2023-10-05,1,1,mg-intdev44-sac1.wsgc.com
2023-10-05 22:22:11,qa44,pb,2023-10-05,1,1,pb-intdev44-sac1.wsgc.com
2023-10-05 22:22:17,qa44,pk,2023-10-05,1,1,pk-intdev44-sac1.wsgc.com
2023-10-05 22:22:21,qa44,pt,2023-10-05,1,1,pt-intdev44-sac1.wsgc.com
2023-10-05 22:22:23,qa44,we,2023-10-05,1,1,we-intdev44-sac1.wsgc.com
2023-10-05 22:22:26,qa44,ws,2023-10-05,1,1,ws-intdev44-sac1.wsgc.com
2023-10-05 22:22:47,qa45,mg,2023-10-05,1,1,mg-intdev45-sac1.wsgc.com
2023-10-05 22:22:48,qa45,pb,2023-10-05,1,1,pb-intdev45-sac1.wsgc.com
2023-10-05 22:22:49,qa45,pk,2023-10-05,1,1,pk-intdev45-sac1.wsgc.com
2023-10-05 22:22:52,qa45,pt,2023-10-05,1,1,pt-intdev45-sac1.wsgc.com
2023-10-05 22:22:55,qa45,we,2023-10-05,1,1,we-intdev45-sac1.wsgc.com
2023-10-05 22:22:58,qa45,ws,2023-10-05,1,1,ws-intdev45-sac1.wsgc.com
2023-10-05 22:23:06,qa46,mg,2023-10-05,1,1,mg-intdev46-sac1.wsgc.com
2023-10-05 22:23:08,qa46,pb,2023-10-05,1,1,pb-intdev46-sac1.wsgc.com
2023-10-05 22:23:09,qa46,pk,2023-10-05,1,1,pk-intdev46-sac1.wsgc.com
2023-10-05 22:23:10,qa46,pt,2023-10-05,1,1,pt-intdev46-sac1.wsgc.com
2023-10-05 22:23:13,qa46,we,2023-10-05,1,1,we-intdev46-sac1.wsgc.com
2023-10-05 22:23:16,qa46,ws,2023-10-05,1,1,ws-intdev46-sac1.wsgc.com
2023-10-05 22:23:21,qa47,gr,2023-10-05,1,1,gr-intdev47-sac1.wsgc.com
2023-10-05 22:23:22,qa47,mg,2023-10-05,1,1,mg-intdev47-sac1.wsgc.com
2023-10-05 22:23:23,qa47,pb,2023-10-05,1,1,pb-intdev47-sac1.wsgc.com
2023-10-05 22:23:24,qa47,pk,2023-10-05,1,1,pk-intdev47-sac1.wsgc.com
2023-10-05 22:23:25,qa47,pt,2023-10-05,1,1,pt-intdev47-sac1.wsgc.com
2023-10-05 22:23:26,qa47,rj,2023-10-05,1,1,rj-intdev47-sac1.wsgc.com
2023-10-05 22:23:27,qa47,we,2023-10-05,1,1,we-intdev47-sac1.wsgc.com
2023-10-05 22:23:28,qa47,ws,2023-10-05,1,1,ws-intdev47-sac1.wsgc.com
2023-10-05 22:23:32,qa49,mg,2023-10-05,1,1,mg-intdev49-sac1.wsgc.com
2023-10-05 22:23:34,qa49,pb,2023-10-05,1,1,pb-intdev49-sac1.wsgc.com
2023-10-05 22:23:35,qa49,pk,2023-10-05,1,1,pk-intdev49-sac1.wsgc.com
2023-10-05 22:23:36,qa49,pt,2023-10-05,1,1,pt-intdev49-sac1.wsgc.com
2023-10-05 22:23:38,qa49,rj,2023-10-05,1,1,rj-intdev49-sac1.wsgc.com
2023-10-05 22:23:39,qa49,we,2023-10-05,1,1,we-intdev49-sac1.wsgc.com
2023-10-05 22:23:42,qa49,ws,2023-10-05,1,1,ws-intdev49-sac1.wsgc.com
2023-10-05 22:23:47,qa5,mg,2023-10-05,1,1,mg-intdev5-rk1.wsgc.com
2023-10-05 22:23:49,qa5,pb,2023-10-05,1,1,pb-intdev5-rk1.wsgc.com
2023-10-05 22:23:51,qa5,pk,2023-10-05,1,1,pk-intdev5-rk1.wsgc.com
2023-10-05 22:23:52,qa5,pt,2023-10-05,1,1,pt-intdev5-rk1.wsgc.com
2023-10-05 22:23:54,qa5,we,2023-10-05,1,1,we-intdev5-rk1.wsgc.com
2023-10-05 22:23:56,qa5,ws,2023-10-05,1,1,ws-intdev5-rk1.wsgc.com
2023-10-05 22:24:02,qa51,mg,2023-10-05,1,1,mg-intdev51-sac1.wsgc.com
2023-10-05 22:24:04,qa51,pb,2023-10-05,1,1,pb-intdev51-sac1.wsgc.com
2023-10-05 22:24:22,qa51,pk,2023-10-05,1,1,pk-intdev51-sac1.wsgc.com
2023-10-05 22:24:23,qa51,pt,2023-10-05,1,1,pt-intdev51-sac1.wsgc.com
2023-10-05 22:24:26,qa51,we,2023-10-05,1,1,we-intdev51-sac1.wsgc.com
2023-10-05 22:24:29,qa51,ws,2023-10-05,288,288,ws-intdev51-sac1.wsgc.com
2023-10-05 22:24:38,qa52,mg,2023-10-05,1,1,mg-intdev52-sac1.wsgc.com
2023-10-05 22:24:46,qa52,pb,2023-09-30,1,1,pb-intdev52-sac1.wsgc.com
2023-10-05 22:24:53,qa52,pk,2023-09-30,1,1,pk-intdev52-sac1.wsgc.com
2023-10-05 22:25:00,qa52,pt,2023-10-05,1,1,pt-intdev52-sac1.wsgc.com
2023-10-05 22:25:03,qa52,we,2023-09-30,1,1,we-intdev52-sac1.wsgc.com
2023-10-05 22:25:24,qa52,ws,2023-09-30,1,1,ws-intdev52-sac1.wsgc.com
2023-10-05 22:25:38,qa53,mg,2023-10-05,1,1,mg-intdev53-sac1.wsgc.com
2023-10-05 22:25:39,qa53,pb,2023-10-05,1,1,pb-intdev53-sac1.wsgc.com
2023-10-05 22:26:20,qa53,pk,2023-10-05,1,1,pk-intdev53-sac1.wsgc.com
2023-10-05 22:26:21,qa53,pt,2023-10-05,1,1,pt-intdev53-sac1.wsgc.com
2023-10-05 22:26:22,qa53,we,2023-10-05,1,1,we-intdev53-sac1.wsgc.com
2023-10-05 22:26:26,qa53,ws,2023-10-05,1,1,ws-intdev53-sac1.wsgc.com
2023-10-05 22:26:34,qa54,mg,2023-10-05,1,1,mg-intdev54-sac1.wsgc.com
2023-10-05 22:26:34,qa54,pb,2023-10-05,1,1,pb-intdev54-sac1.wsgc.com
2023-10-05 22:26:35,qa54,pk,2023-10-05,1,1,pk-intdev54-sac1.wsgc.com
2023-10-05 22:26:36,qa54,pt,2023-10-03,29,29,pt-intdev54-rk1v.wsgc.com
2023-10-05 22:26:38,qa54,rj,2023-10-05,1,1,rj-intdev54-sac1.wsgc.com
2023-10-05 22:26:39,qa54,we,2023-10-05,1,1,we-intdev54-sac1.wsgc.com
2023-10-05 22:26:40,qa54,ws,2023-10-05,1,1,ws-intdev54-sac1.wsgc.com
2023-10-05 22:26:44,qa55,mg,2023-10-05,1,1,mg-intdev55-sac1.wsgc.com
2023-10-05 22:26:45,qa55,pb,2023-10-05,1,1,pb-intdev55-sac1.wsgc.com
2023-10-05 22:26:46,qa55,pk,2023-10-05,1,1,pk-intdev55-sac1.wsgc.com
2023-10-05 22:26:47,qa55,pt,2023-10-05,1,1,pt-intdev55-sac1.wsgc.com
2023-10-05 22:26:49,qa55,we,2023-10-05,1,1,we-intdev55-sac1.wsgc.com
2023-10-05 22:26:52,qa55,ws,2023-10-05,1,1,ws-intdev55-sac1.wsgc.com
2023-10-05 22:26:56,qa56,mg,2023-10-05,224,224,mg-intdev56-rk1v.wsgc.com
2023-10-05 22:26:59,qa56,pb,2023-10-01,6,6,pb-intdev56-rk1v.wsgc.com
2023-10-05 22:27:02,qa56,pk,2023-10-01,1,1,pk-intdev56-rk1v.wsgc.com
2023-10-05 22:27:04,qa56,pt,2023-10-04,1,1,pt-intdev56-rk1v.wsgc.com
2023-10-05 22:27:07,qa56,rj,2023-10-05,1,1,rj-qa56-rk1v.wsgc.com
2023-10-05 22:27:09,qa56,we,2023-10-04,82,82,we-intdev56-rk1v.wsgc.com
2023-10-05 22:27:12,qa56,ws,2023-10-04,67,67,ws-intdev56-rk1v.wsgc.com
2023-10-05 22:27:19,qa57,mg,2023-10-05,1,1,mg-intdev57-rk1v.wsgc.com
2023-10-05 22:27:20,qa57,pb,2023-10-05,1,1,pb-intdev57-rk1v.wsgc.com
2023-10-05 22:27:22,qa57,pk,2023-10-05,1,1,pk-intdev57-rk1v.wsgc.com
2023-10-05 22:27:23,qa57,pt,2023-10-05,1,1,pt-intdev57-rk1v.wsgc.com
2023-10-05 22:27:24,qa57,we,2023-10-05,1,1,we-intdev57-rk1v.wsgc.com
2023-10-05 22:27:26,qa57,ws,2023-10-05,1,1,ws-intdev57-rk1v.wsgc.com
2023-10-05 22:27:32,qa6,mg,2023-06-10,1,1,mg-intdev6-rk1.wsgc.com
2023-10-05 22:27:38,qa6,pb,2023-10-05,1,1,pb-intdev6-rk1.wsgc.com
2023-10-05 22:27:39,qa6,pk,2023-09-30,1,1,pk-intdev6-rk1.wsgc.com
2023-10-05 22:27:45,qa6,pt,2023-10-05,1,1,pt-intdev6-rk1.wsgc.com
2023-10-05 22:27:47,qa6,we,2023-10-04,1,1,we-intdev6-rk1.wsgc.com
2023-10-05 22:27:53,qa6,ws,2023-10-04,1,1,ws-intdev6-rk1.wsgc.com
2023-10-05 22:28:01,qa7,gr,2023-10-05,1,1,gr-intdev7-rk1.wsgc.com
2023-10-05 22:28:02,qa7,mg,2023-10-03,1,1,mg-intdev7-rk1.wsgc.com
2023-10-05 22:28:06,qa7,pb,2023-10-05,1,1,pb-intdev7-rk1.wsgc.com
2023-10-05 22:28:09,qa7,pk,2023-10-03,5,5,pk-intdev7-rk1.wsgc.com
2023-10-05 22:28:10,qa7,pt,2023-10-05,1,1,pt-intdev7-rk1.wsgc.com
2023-10-05 22:28:12,qa7,rj,2023-10-03,3,3,rj-intdev7-rk1.wsgc.com
2023-10-05 22:28:13,qa7,we,2023-10-04,1,1,we-intdev7-rk1.wsgc.com
2023-10-05 22:28:17,qa7,ws,2023-10-04,3,3,ws-intdev7-rk1.wsgc.com
2023-10-05 22:28:22,qa8,mg,2023-10-05,1,1,mg-intdev8-rk1.wsgc.com
2023-10-05 22:28:24,qa8,pb,2023-09-27,1,1,pb-intdev8-rk1.wsgc.com
2023-10-05 22:28:32,qa8,pk,2023-10-05,1,1,pk-intdev8-rk1.wsgc.com
2023-10-05 22:28:34,qa8,pt,2023-10-05,1,1,pt-intdev8-rk1.wsgc.com
2023-10-05 22:28:36,qa8,rj,2023-10-05,1,1,rj-qa8-rk1v.wsgc.com
2023-10-05 22:28:37,qa8,we,2023-10-04,1,1,we-intdev8-rk1.wsgc.com
2023-10-05 22:28:46,qa8,ws,2023-10-04,1,1,ws-intdev8-rk1.wsgc.com
2023-10-05 22:28:59,qa9,mg,2023-10-05,1,1,mg-intdev9-rk1v.wsgc.com
2023-10-05 22:29:00,qa9,pb,2023-10-05,1,1,pb-intdev9-rk1.wsgc.com
2023-10-05 22:29:01,qa9,pk,2023-10-05,1,1,pk-intdev9-rk1.wsgc.com
2023-10-05 22:29:02,qa9,pt,2023-10-05,1,1,pt-intdev9-rk1.wsgc.com
2023-10-05 22:29:02,qa9,we,2023-10-05,1,1,we-intdev9-rk1.wsgc.com
2023-10-05 22:29:03,qa9,ws,2023-10-05,1,1,ws-intdev9-rk1.wsgc.com
2023-10-05 22:29:07,qa99,gr,2023-10-05,1,1,gr-qa99-sac1v.wsgc.com
2023-10-05 22:29:08,qa99,rj,2023-10-05,1,1,rj-qa99-sac1v.wsgc.com
2023-10-06 20:00:26,rgs1,gr,2023-10-06,1,1,gr-rgs1-rk1v.wsgc.com
2023-10-06 20:00:28,rgs1,mg,2023-10-06,121,121,mg-rgs1-rk1v.wsgc.com
2023-10-06 20:00:31,rgs1,pb,2023-10-06,55,55,pb-rgs1-rk1v.wsgc.com
2023-10-06 20:00:34,rgs1,pk,2023-10-06,81,81,pk-rgs1-rk1v.wsgc.com
2023-10-06 20:00:39,rgs1,pt,2023-10-06,46,46,pt-rgs1-rk1v.wsgc.com
2023-10-06 20:00:42,rgs1,rj,2023-10-06,1,1,rj-rgs1-sac1v.wsgc.com
2023-10-06 20:00:44,rgs1,we,2023-10-06,56,56,we-rgs1-rk1v.wsgc.com
2023-10-06 20:00:48,rgs1,ws,2023-10-06,567,567,ws-rgs1-rk1v.wsgc.com
2023-10-06 20:00:58,rgs2,mg,2023-10-06,1,1,mg-rgs2-rk1v.wsgc.com
2023-10-06 20:00:59,rgs2,pb,2023-10-06,1,1,pb-rgs2-rk1v.wsgc.com
2023-10-06 20:00:59,rgs2,pk,2023-10-06,1,1,pk-rgs2-rk1v.wsgc.com
2023-10-06 20:01:00,rgs2,pt,2023-10-06,1,1,pt-rgs2-rk1v.wsgc.com
2023-10-06 20:01:01,rgs2,we,2023-10-06,1,1,we-rgs2-rk1v.wsgc.com
2023-10-06 20:01:02,rgs2,ws,2023-10-06,1,1,ws-rgs2-rk1v.wsgc.com
2023-10-05 21:01:13,uat1,gr,2023-10-05,14,14,gr-uat1-rk1.wsgc.com
2023-10-05 21:01:15,uat1,mg,2023-10-05,319,319,mg-uat1-rk1.wsgc.com
2023-10-05 21:01:18,uat1,pb,2023-10-05,995,995,pb-uat1-rk1.wsgc.com
2023-10-05 21:01:22,uat1,pk,2023-10-05,1455,1455,pk-uat1-rk1.wsgc.com
2023-10-05 21:01:26,uat1,pt,2023-10-05,480,480,pt-uat1-rk1.wsgc.com
2023-10-05 21:01:30,uat1,rj,2023-10-05,1,1,rj-uat1-sac1v.wsgc.com
2023-10-05 21:01:32,uat1,we,2023-10-05,1360,1360,we-uat1-rk1.wsgc.com
2023-10-05 21:01:36,uat1,ws,2023-10-05,18970,18970,ws-uat1-rk1.wsgc.com
2023-10-05 21:01:45,uat2,mg,2023-10-05,1,1,mg-uat2-rk1.wsgc.com
2023-10-05 21:01:46,uat2,pb,2023-10-05,1815,1815,pb-uat2-rk1.wsgc.com
2023-10-05 21:01:53,uat2,pk,2023-10-05,1,1,pk-uat2-rk1.wsgc.com
2023-10-05 21:01:54,uat2,pt,2023-10-05,1,1,pt-uat2-rk1.wsgc.com
2023-10-05 21:01:56,uat2,rj,2023-10-05,1,1,rj-uat2-sac1v.wsgc.com
2023-10-05 21:01:58,uat2,we,2023-10-05,1,1,we-uat2-rk1.wsgc.com
2023-10-05 21:02:00,uat2,ws,2023-10-05,1,1,ws-uat2-rk1.wsgc.com
2023-10-05 21:02:06,uat3,gr,2023-10-05,957,957,gr-uat3-sac1v.wsgc.com
2023-10-05 21:02:10,uat3,mg,2023-10-05,3801,3801,mg-uat3-rk1v.wsgc.com
2023-10-05 21:02:13,uat3,pb,2023-10-05,5159,5159,pb-uat3-rk1v.wsgc.com
2023-10-05 21:02:18,uat3,pk,2023-10-05,4233,4233,pk-uat3-rk1v.wsgc.com
2023-10-05 21:02:22,uat3,pt,2023-10-05,2976,2976,pt-uat3-rk1v.wsgc.com
2023-10-05 21:02:25,uat3,rj,2023-10-05,1,1,rj-uat3-sac1v.wsgc.com
2023-10-05 21:02:27,uat3,we,2023-10-05,8229,8229,we-uat3-rk1v.wsgc.com
2023-10-05 21:02:32,uat3,ws,2023-10-05,8596,8596,ws-uat3-rk1v.wsgc.com
2023-10-05 21:02:40,uat4,mg,2023-10-05,1,1,mg-uat4-rk1.wsgc.com
2023-10-05 21:02:41,uat4,pb,2023-10-03,15,15,pb-uat4-rk1.wsgc.com
2023-10-05 21:02:47,uat4,pk,2023-10-05,1,1,pk-uat4-rk1.wsgc.com
2023-10-05 21:02:49,uat4,pt,2023-10-05,21,21,pt-uat4-rk1.wsgc.com
2023-10-05 21:02:57,uat4,rj,2023-10-05,1,1,rj-uat4-sac1v.wsgc.com
2023-10-05 21:02:59,uat4,we,2023-10-05,27,27,we-uat4-rk1.wsgc.com
2023-10-05 21:03:06,uat4,ws,2023-10-03,37,37,ws-uat4-rk1.wsgc.com
2023-02-06 20:18:56,uat5,gr,2023-02-06,1,1,gr-uat5-sac1v.wsgc.com
2023-10-05 21:03:55,uat5,mg,2023-10-05,1,1,mg-uat5-rk1.wsgc.com
2023-10-05 21:03:58,uat5,pb,2023-10-04,1,1,pb-uat5-rk1.wsgc.com
2023-10-05 21:04:01,uat5,pk,2023-10-05,8,8,pk-uat5-rk1.wsgc.com
2023-10-05 21:04:04,uat5,pt,2023-10-04,21,21,pt-uat5-rk1.wsgc.com
2023-10-05 21:04:08,uat5,we,2023-10-01,1,1,we-uat5-rk1.wsgc.com
2023-10-05 21:04:50,uat5,ws,2023-10-04,1,1,ws-uat5-rk1.wsgc.com
2023-10-05 21:04:57,uat6,mg,2023-10-03,12,12,mg-uat6-rk1v.wsgc.com
2023-10-05 21:05:00,uat6,pb,2023-10-05,4,4,pb-uat6-rk1v.wsgc.com
2023-10-05 21:05:03,uat6,pk,2023-10-05,24,24,pk-uat6-rk1v.wsgc.com
2023-10-05 21:05:06,uat6,pt,2023-10-05,12,12,pt-uat6-rk1v.wsgc.com
2023-10-05 21:05:09,uat6,rj,2023-10-05,1,1,rj-uat6-sac1v.wsgc.com
2023-10-05 21:05:11,uat6,we,2023-10-05,12,12,we-uat6-rk1v.wsgc.com
2023-10-05 21:05:15,uat6,ws,2023-10-05,22,22,ws-uat6-rk1v.wsgc.com
2023-10-05 21:05:21,uat7,mg,2023-10-05,1,1,mg-uat7-rk1v.wsgc.com
2023-10-05 21:05:24,uat7,pb,2023-10-04,1,1,pb-uat7-rk1v.wsgc.com
2023-10-05 21:05:27,uat7,pk,2023-09-30,1,1,pk-uat7-rk1v.wsgc.com
2023-10-05 21:05:32,uat7,pt,2023-10-05,1,1,pt-uat7-rk1v.wsgc.com
2023-10-05 21:05:32,uat7,rj,2023-10-05,1,1,rj-uat7-sac1v.wsgc.com
2023-10-05 21:05:36,uat7,we,2023-09-30,1,1,we-uat7-rk1v.wsgc.com
2023-10-05 21:05:39,uat7,ws,2023-09-30,1,1,ws-uat7-rk1v.wsgc.com
2023-10-05 21:05:46,uat8,gr,2023-10-05,1,1,gr-uat8-rk1v.wsgc.com
2023-10-05 21:05:47,uat8,mg,2023-10-04,1,1,mg-uat8-rk1v.wsgc.com
2023-10-05 21:05:56,uat8,pb,2023-09-27,1,1,pb-uat8-rk1v.wsgc.com
2023-10-05 21:06:16,uat8,pk,2023-09-27,1,1,pk-uat8-rk1v.wsgc.com
2023-10-05 21:06:23,uat8,pt,2023-09-27,24,24,pt-uat8-rk1v.wsgc.com
2023-10-05 21:06:30,uat8,rj,2023-10-05,1,1,rj-uat8-rk1v.wsgc.com
2023-10-05 21:06:32,uat8,we,2023-10-05,1,1,we-uat8-rk1v.wsgc.com
2023-10-05 21:06:33,uat8,ws,2023-09-27,1,1,ws-uat8-rk1v.wsgc.com
