2023-10-08 13:53:10,bpv,gr,release-23.16,2023-09-26 07:36,SUCCESS,323100626,deploy-bpv-gr-CONTENT_release-23.16,,prod,uat1,prdrk ,
2023-10-08 13:53:15,bpv,mg,release-23.16,2023-09-18 11:51,SUCCESS,323100622,deploy-bpv-mg-CONTENT_release-23.16,,prod,uat1,prdrk ,
2023-10-08 13:53:21,bpv,pb,release-23.16,2023-10-05 11:50,SUCCESS,323091426,deploy-bpv-pb-CONTENT_release-23.16,,prod,uat1,prdrk ,
2023-10-08 13:53:27,bpv,pk,release-23.16,2023-09-18 11:52,SUCCESS,323100424,deploy-bpv-pk-CONTENT_release-23.16,,prod,uat1,prdrk ,
2023-10-08 13:53:32,bpv,pt,release-23.16,2023-09-27 02:21,SUCCESS,323100631,deploy-bpv-pt-CONTENT_release-23.16,,prod,uat1,prdrk ,
2023-10-08 13:53:38,bpv,rj,release-23.16,2023-09-26 07:36,SUCCESS,323100233,deploy-bpv-rj-CONTENT_release-23.16,,prod,uat1,prdrk ,
2023-10-08 13:53:44,bpv,we,release-23.16,2023-09-27 09:38,SUCCESS,323091123,deploy-bpv-we-CONTENT_release-23.16,,prod,uat1,prdrk ,
2023-10-08 13:53:50,bpv,ws,release-23.16,2023-09-27 04:18,SUCCESS,323091433,deploy-bpv-ws-CONTENT_release-23.16,,prod,uat1,prdrk ,
2023-10-08 21:18:46,cabpv,mg,release-23.16,2023-09-28 02:25,SUCCESS,,deploy-cabpv-mg-CONTENT_release-23.16,,ca-prd,cargs,ca-prdrk ,
2023-10-08 21:19:37,cabpv,pb,release-23.16,2023-09-28 02:25,SUCCESS,323100632,deploy-cabpv-pb-CONTENT_release-23.16,,ca-prd,cargs,ca-prdrk ,
2023-10-08 21:19:42,cabpv,pk,release-23.16,2023-09-28 02:25,SUCCESS,323081202,deploy-cabpv-pk-CONTENT_release-23.16,,ca-prd,cargs,ca-prdrk ,
2023-10-08 21:19:48,cabpv,pt,release-23.16,2023-09-28 02:25,SUCCESS,323100627,deploy-cabpv-pt-CONTENT_release-23.16,,ca-prd,cargs,ca-prdrk ,
2023-10-08 21:19:53,cabpv,rj,release-23.16,2023-09-28 05:06,SUCCESS,323081632,deploy-cabpv-rj-CONTENT_release-23.16,,ca-prd,cargs,ca-prdrk ,
2023-10-08 21:19:58,cabpv,we,release-23.16,2023-10-06 12:15,SUCCESS,323072614,deploy-cabpv-we-CONTENT_release-23.16,,ca-prd,cargs,ca-prdrk ,
2023-10-08 21:20:04,cabpv,ws,release-23.16,2023-10-05 04:42,SUCCESS,323100800,deploy-cabpv-ws-CONTENT_release-23.16,,ca-prd,cargs,ca-prdrk ,
2023-10-08 16:51:36,caint3,mg,release-23.16,2023-10-08 11:39,FAILURE,422091302,deploy-caint3-mg-CONTENT_release-23.16,,ca-rgs1,cargs,ca-uat1 ,
2023-10-08 16:51:41,caint3,pb,release-23.16,2023-10-08 12:24,FAILURE,,deploy-caint3-pb-CONTENT_release-23.16,,ca-rgs1,cargs,ca-uat1 ,
2023-10-08 16:52:13,caint3,pk,release-23.16,2023-10-08 11:39,FAILURE,323062642,deploy-caint3-pk-CONTENT_release-23.16,,ca-rgs1,cargs,ca-uat1 ,
2023-10-08 16:52:18,caint3,pt,release-23.16,Undeployed,,423031408,deploy-caint3-pt-CONTENT_release-23.16,,ca-rgs1,cargs,ca-uat1 ,
2023-10-08 16:52:23,caint3,rj,release-23.16,2023-10-08 11:39,FAILURE,323042132,deploy-caint3-rj-CONTENT_release-23.16,,ca-rgs1,cargs,ca-uat1 ,
2023-10-08 16:52:29,caint3,we,release-23.16,2023-10-08 11:39,FAILURE,323060818,deploy-caint3-we-CONTENT_release-23.16,,ca-rgs1,cargs,ca-uat1 ,
2023-10-08 16:52:34,caint3,ws,release-23.16,2023-10-08 11:39,FAILURE,323042124,deploy-caint3-ws-CONTENT_release-23.16,,ca-rgs1,cargs,ca-uat1 ,
2023-10-08 15:53:46,caint4,mg,release-23.12,2023-08-10 12:33,SUCCESS,,deploy-caint4-mg-CONTENT_release-23.12,,ca-rgs1,cargs,ca-uat1 ,
2023-10-08 15:53:51,caint4,pb,release-23.12,2023-08-10 12:33,SUCCESS,,deploy-caint4-pb-CONTENT_release-23.12,,ca-rgs1,cargs,ca-uat1 ,
2023-10-08 15:53:57,caint4,pk,release-23.12,2023-08-10 12:33,SUCCESS,,deploy-caint4-pk-CONTENT_release-23.12,,ca-rgs1,cargs,ca-uat1 ,
2023-10-08 15:54:03,caint4,pt,release-23.12,2023-08-10 12:33,SUCCESS,322051335,deploy-caint4-pt-CONTENT_release-23.12,,ca-rgs1,cargs,ca-uat1 ,
2023-10-08 15:54:08,caint4,rj,release-23.12,2023-08-10 12:33,SUCCESS,,deploy-caint4-rj-CONTENT_release-23.12,,ca-rgs1,cargs,ca-uat1 ,
2023-10-08 15:54:13,caint4,we,release-23.12,2023-08-10 12:33,SUCCESS,321100408,deploy-caint4-we-CONTENT_release-23.12,,ca-rgs1,cargs,ca-uat1 ,
2023-10-08 15:54:19,caint4,ws,release-23.12,Undeployed,,,deploy-caint4-ws-CONTENT_release-23.12,,ca-rgs1,cargs,ca-uat1 ,
2023-10-08 15:13:46,caint5,mg,release-23.16,2023-10-08 02:58,FAILURE,,deploy-caint5-mg-CONTENT_release-23.16,
2023-10-08 15:13:47,caint5,pb,release-23.16,2023-10-08 02:57,FAILURE,,deploy-caint5-pb-CONTENT_release-23.16,
2023-10-08 15:13:48,caint5,pk,release-23.16,Undeployed,,,deploy-caint5-pk-CONTENT_release-23.16,
2023-10-08 15:13:49,caint5,pt,release-23.16,2023-10-08 02:57,FAILURE,,deploy-caint5-pt-CONTENT_release-23.16,
2023-10-08 03:57:16,caint5,rj,release-23.16,Undeployed,,,deploy-caint5-rj-CONTENT_release-23.16,,ca-rgs1,cargs,ca-uat1 ,
2023-10-08 15:13:50,caint5,we,release-23.16,2023-10-08 02:58,FAILURE,,deploy-caint5-we-CONTENT_release-23.16,
2023-10-08 15:13:51,caint5,ws,release-23.16,Undeployed,,,deploy-caint5-ws-CONTENT_release-23.16,
2023-10-08 23:15:48,caperf,pb,release-23.14,Undeployed,SUCCESS,322081728,deploy-caperf-pb-CONTENT_release-23.14,,ca-rgs1,cargs,,
2023-10-08 23:15:56,caperf,pk,release-23.12,2023-08-29 12:27,FAILURE,323042507,deploy-caperf-pk-CONTENT_release-23.12,,ca-rgs1,cargs,,
2023-10-08 23:16:02,caperf,pt,release-23.12,2023-09-11 01:09,SUCCESS,,deploy-caperf-pt-CONTENT_release-23.12,,ca-rgs1,cargs,,
2023-10-08 23:16:07,caperf,we,release-23.12,2023-08-29 12:36,SUCCESS,321121426,deploy-caperf-we-CONTENT_release-23.12,,ca-rgs1,cargs,,
2023-10-08 23:16:13,caperf,ws,release-23.12,2023-08-29 12:27,FAILURE,322080157,deploy-caperf-ws-CONTENT_release-23.12,,ca-rgs1,cargs,,
2023-10-09 04:06:26,caqa10,pb,release-23.16,2023-10-08 07:03,SUCCESS,421081700,deploy-caqa10-pb-CONTENT_release-23.16,
2023-10-09 04:06:26,caqa10,pk,release-23.16,2023-10-08 06:05,SUCCESS,321120731,deploy-caqa10-pk-CONTENT_release-23.16,
2023-10-09 04:06:27,caqa10,pt,release-23.16,2023-10-08 07:03,SUCCESS,322051335,deploy-caqa10-pt-CONTENT_release-23.16,
2023-10-09 04:06:28,caqa10,we,release-23.16,Undeployed,,321121426,deploy-caqa10-we-CONTENT_release-23.16,
2023-10-09 04:06:29,caqa10,ws,release-23.16,2023-10-08 07:02,SUCCESS,321092916,deploy-caqa10-ws-CONTENT_release-23.16,
2023-10-09 04:06:35,caqa11,pb,release-23.16,Undeployed,,421081700,deploy-caqa11-pb-CONTENT_release-23.16,
2023-10-09 04:06:36,caqa11,pk,release-23.16,Undeployed,,,deploy-caqa11-pk-CONTENT_release-23.16,
2023-10-09 04:06:37,caqa11,pt,release-23.16,Undeployed,,,deploy-caqa11-pt-CONTENT_release-23.16,
2023-10-09 04:06:38,caqa11,we,release-23.16,Undeployed,,,deploy-caqa11-we-CONTENT_release-23.16,
2023-10-09 04:06:39,caqa11,ws,release-23.16,Undeployed,,,deploy-caqa11-ws-CONTENT_release-23.16,
2023-10-09 02:50:23,caqa31,pb,release-23.16,2023-10-08 06:56,SUCCESS,323081010,deploy-caqa31-pb-CONTENT_release-23.16,
2023-10-09 02:50:25,caqa31,pk,release-23.16,2023-10-08 06:56,SUCCESS,321120731,deploy-caqa31-pk-CONTENT_release-23.16,
2023-10-09 02:50:26,caqa31,pt,release-23.16,2023-10-08 06:56,FAILURE,322062313,deploy-caqa31-pt-CONTENT_release-23.16,
2023-10-09 02:50:26,caqa31,we,release-23.16,2023-10-08 06:59,SUCCESS,323080822,deploy-caqa31-we-CONTENT_release-23.16,
2023-10-09 02:50:27,caqa31,ws,release-23.16,2023-10-08 06:55,FAILURE,421120830,deploy-caqa31-ws-CONTENT_release-23.16,
2023-10-09 02:29:30,cargs1,mg,release-23.18,2023-10-08 04:46,SUCCESS,423031403,deploy-cargs1-mg-CONTENT_release-23.18,
2023-10-09 02:29:31,cargs1,pb,release-23.18,2023-10-08 04:46,SUCCESS,322081728,deploy-cargs1-pb-CONTENT_release-23.18,
2023-10-09 02:29:32,cargs1,pk,release-23.18,2023-10-08 09:28,SUCCESS,323042507,deploy-cargs1-pk-CONTENT_release-23.18,
2023-10-09 02:29:33,cargs1,pt,release-23.18,2023-10-08 09:29,SUCCESS,322091700,deploy-cargs1-pt-CONTENT_release-23.18,
2023-10-08 20:13:28,cargs1,rj,release-23.18,2023-10-08 05:45,FAILURE,323062221,deploy-cargs1-rj-CONTENT_release-23.18,,ca-rgs1,cargs,ca-prdrk ,
2023-10-09 02:29:34,cargs1,we,release-23.18,2023-10-08 09:41,SUCCESS,321121426,deploy-cargs1-we-CONTENT_release-23.18,
2023-10-09 02:29:35,cargs1,ws,release-23.18,2023-10-08 09:42,SUCCESS,421120830,deploy-cargs1-ws-CONTENT_release-23.18,
2023-10-08 21:25:07,cauat1,pb,release-23.16,2023-09-28 05:06,SUCCESS,421121601,deploy-cauat1-pb-CONTENT_release-23.16,,ca-prd,cargs,ca-prdrk ,
2023-10-08 21:25:12,cauat1,pk,release-23.16,2023-09-27 03:06,SUCCESS,,deploy-cauat1-pk-CONTENT_release-23.16,,ca-prd,cargs,ca-prdrk ,
2023-10-08 21:25:18,cauat1,pt,release-23.16,2023-09-27 03:08,SUCCESS,323082915,deploy-cauat1-pt-CONTENT_release-23.16,,ca-prd,cargs,ca-prdrk ,
2023-10-08 21:25:23,cauat1,we,release-23.16,2023-09-28 05:06,SUCCESS,323051005,deploy-cauat1-we-CONTENT_release-23.16,,ca-prd,cargs,ca-prdrk ,
2023-10-08 21:25:28,cauat1,ws,release-23.16,2023-09-28 05:06,SUCCESS,323062248,deploy-cauat1-ws-CONTENT_release-23.16,,ca-prd,cargs,ca-prdrk ,
2023-10-08 12:57:35,cauat2,pb,release-23.16,2023-09-22 08:21,SUCCESS,322081113,deploy-cauat2-pb-CONTENT_release-23.16,
2023-10-08 12:57:36,cauat2,pk,release-23.16,2023-09-22 02:14,SUCCESS,323091512,deploy-cauat2-pk-CONTENT_release-23.16,
2023-10-08 12:57:37,cauat2,pt,release-23.16,2023-09-27 01:03,SUCCESS,,deploy-cauat2-pt-CONTENT_release-23.16,
2023-10-08 12:57:39,cauat2,we,release-23.16,2023-09-22 03:16,SUCCESS,323060827,deploy-cauat2-we-CONTENT_release-23.16,
2023-10-08 12:57:45,cauat2,ws,release-23.16,2023-09-22 02:22,SUCCESS,323071416,deploy-cauat2-ws-CONTENT_release-23.16,
2023-10-09 00:17:31,cauat3,mg,release-23.18,2023-10-08 04:49,SUCCESS,323062124,deploy-cauat3-mg-CONTENT_release-23.18,
2023-10-09 00:17:32,cauat3,pb,release-23.18,2023-10-08 04:49,SUCCESS,323100600,deploy-cauat3-pb-CONTENT_release-23.18,
2023-10-09 00:17:33,cauat3,pk,release-23.18,2023-10-08 04:49,SUCCESS,323092560,deploy-cauat3-pk-CONTENT_release-23.18,
2023-10-09 00:17:34,cauat3,pt,release-23.18,2023-10-08 04:49,SUCCESS,323100627,deploy-cauat3-pt-CONTENT_release-23.18,
2023-10-08 14:30:39,cauat3,rj,release-23.18,2023-10-05 08:17,SUCCESS,323081632,deploy-cauat3-rj-CONTENT_release-23.18,,ca-prd,cargs,ca-prdrk ,
2023-10-09 00:17:35,cauat3,we,release-23.18,2023-10-08 04:49,SUCCESS,323100531,deploy-cauat3-we-CONTENT_release-23.18,
2023-10-09 00:18:11,cauat3,ws,release-23.18,2023-10-08 04:49,SUCCESS,,deploy-cauat3-ws-CONTENT_release-23.18,
2023-10-08 12:58:03,cauat4,pb,hotfix-2316-wrk230922,2023-10-05 05:59,SUCCESS,421081700,deploy-cauat4-pb-CONTENT_hotfix-2316-wrk230922,
2023-10-08 12:58:04,cauat4,pk,hotfix-2316-wrk230922,Undeployed,,322091800,deploy-cauat4-pk-CONTENT_hotfix-2316-wrk230922,
2023-10-08 12:58:06,cauat4,pt,hotfix-2316-wrk230922,Undeployed,,323070605,deploy-cauat4-pt-CONTENT_hotfix-2316-wrk230922,
2023-10-08 12:58:07,cauat4,we,hotfix-2316-wrk230922,Undeployed,,322091900,deploy-cauat4-we-CONTENT_hotfix-2316-wrk230922,
2023-10-08 12:58:08,cauat4,ws,hotfix-2316-wrk230922,Undeployed,,322091918,deploy-cauat4-ws-CONTENT_hotfix-2316-wrk230922,
2023-10-08 12:58:14,cauat6,pb,release-23.06,2023-10-05 11:51,SUCCESS,421121601,deploy-cauat6-pb-CONTENT_release-23.06,
2023-10-08 12:58:15,cauat6,pk,release-23.06,2023-09-27 10:50,SUCCESS,,deploy-cauat6-pk-CONTENT_release-23.06,
2023-10-08 12:58:16,cauat6,pt,release-23.06,2023-09-27 10:51,SUCCESS,323080445,deploy-cauat6-pt-CONTENT_release-23.06,
2023-10-08 12:58:18,cauat6,we,release-23.06,2023-09-27 10:52,SUCCESS,421112309,deploy-cauat6-we-CONTENT_release-23.06,
2023-10-08 12:58:19,cauat6,ws,release-23.06,2023-09-23 07:42,FAILURE,421112502,deploy-cauat6-ws-CONTENT_release-23.06,
2023-10-08 12:58:24,cauat7,pb,release-23.16,2023-09-19 07:22,SUCCESS,423012707,deploy-cauat7-pb-CONTENT_release-23.16,
2023-10-08 12:58:25,cauat7,pk,release-23.16,2023-09-19 07:22,SUCCESS,321123034,deploy-cauat7-pk-CONTENT_release-23.16,
2023-10-08 12:58:27,cauat7,pt,release-23.16,2023-09-19 07:22,SUCCESS,322092228,deploy-cauat7-pt-CONTENT_release-23.16,
2023-10-08 12:58:28,cauat7,we,release-23.16,2023-09-19 08:07,FAILURE,322070110,deploy-cauat7-we-CONTENT_release-23.16,
2023-10-08 12:58:29,cauat7,ws,release-23.16,2023-09-19 07:22,SUCCESS,321101205,deploy-cauat7-ws-CONTENT_release-23.16,
2023-10-08 15:13:56,int1,mg,trunk,2023-02-15 08:05,SUCCESS,323021337,deploy-int1-mg-CONTENT_trunk,
2023-10-08 15:13:58,int1,pb,trunk,2023-02-15 08:21,SUCCESS,,deploy-int1-pb-CONTENT_trunk,
2023-10-08 15:14:45,int1,pk,trunk,2023-02-15 08:33,SUCCESS,323021329,deploy-int1-pk-CONTENT_trunk,
2023-10-08 15:14:47,int1,pt,trunk,2023-02-15 08:45,SUCCESS,323021425,deploy-int1-pt-CONTENT_trunk,
2023-10-08 15:14:49,int1,we,trunk,2023-02-15 08:58,SUCCESS,323021024,deploy-int1-we-CONTENT_trunk,
2023-10-08 15:14:51,int1,ws,trunk,2023-02-15 09:08,SUCCESS,323021419,deploy-int1-ws-CONTENT_trunk,
2023-10-08 15:14:57,int2,mg,trunk,2023-10-02 07:23,FAILURE,423031403,deploy-int2-mg-CONTENT_trunk,
2023-10-08 15:14:59,int2,pb,trunk,2023-10-05 06:15,FAILURE,,deploy-int2-pb-CONTENT_trunk,
2023-10-08 15:15:00,int2,pk,trunk,2023-10-07 05:58,FAILURE,423031406,deploy-int2-pk-CONTENT_trunk,
2023-10-08 15:15:01,int2,pt,trunk,2023-10-05 06:08,FAILURE,423031408,deploy-int2-pt-CONTENT_trunk,
2023-10-08 15:15:03,int2,we,trunk,2023-10-07 05:58,FAILURE,423031400,deploy-int2-we-CONTENT_trunk,
2023-10-08 15:15:10,int2,ws,trunk,2023-10-06 06:20,FAILURE,,deploy-int2-ws-CONTENT_trunk,
2023-10-08 16:52:41,int3,gr,release-23.16,2023-10-08 03:05,FAILURE,323051809,deploy-int3-gr-CONTENT_release-23.16,,uat3,uat1,uat1 ,
2023-10-08 16:52:47,int3,mg,release-23.16,2023-10-08 03:05,FAILURE,422091302,deploy-int3-mg-CONTENT_release-23.16,,uat3,uat1,uat1 ,
2023-10-08 16:52:53,int3,pb,release-23.16,2023-10-08 03:06,FAILURE,323060811,deploy-int3-pb-CONTENT_release-23.16,,uat3,uat1,uat1 ,
2023-10-08 16:52:59,int3,pk,release-23.16,2023-10-08 03:06,SUCCESS,323062642,deploy-int3-pk-CONTENT_release-23.16,,uat3,uat1,uat1 ,
2023-10-08 16:53:05,int3,pt,release-23.16,2023-10-08 03:05,FAILURE,423031408,deploy-int3-pt-CONTENT_release-23.16,,uat3,uat1,uat1 ,
2023-10-08 16:53:12,int3,rj,release-23.16,Undeployed,,323042132,deploy-int3-rj-CONTENT_release-23.16,,uat3,uat1,uat1 ,
2023-10-08 16:53:17,int3,we,release-23.16,Undeployed,,,deploy-int3-we-CONTENT_release-23.16,,uat3,uat1,uat1 ,
2023-10-08 16:54:09,int3,ws,release-23.16,Undeployed,,323042124,deploy-int3-ws-CONTENT_release-23.16,,uat3,uat1,uat1 ,
2023-10-08 15:54:25,int4,gr,release-23.16,2023-10-08 01:51,FAILURE,,deploy-int4-gr-CONTENT_release-23.16,,uat3,uat1,uat1 ,rgs
2023-10-08 15:54:31,int4,mg,release-23.16,2023-10-08 02:47,SUCCESS,422091302,deploy-int4-mg-CONTENT_release-23.16,,uat3,uat1,uat1 ,
2023-10-08 15:54:37,int4,pb,release-23.16,2023-10-08 03:05,FAILURE,323042604,deploy-int4-pb-CONTENT_release-23.16,,uat3,uat1,uat1 ,
2023-10-08 15:54:43,int4,pk,release-23.16,2023-10-08 01:52,FAILURE,323051248,deploy-int4-pk-CONTENT_release-23.16,,uat3,uat1,uat1 ,
2023-10-08 15:54:49,int4,pt,release-23.16,2023-10-08 01:53,FAILURE,422040801,deploy-int4-pt-CONTENT_release-23.16,,uat3,uat1,uat1 ,
2023-10-08 15:54:55,int4,rj,release-23.16,2023-10-08 01:52,FAILURE,422090637,deploy-int4-rj-CONTENT_release-23.16,,uat3,uat1,uat1 ,
2023-10-08 15:55:01,int4,we,release-23.16,2023-10-08 01:52,FAILURE,421071600,deploy-int4-we-CONTENT_release-23.16,,uat3,uat1,uat1 ,
2023-10-08 15:55:06,int4,ws,release-23.16,Undeployed,,422090906,deploy-int4-ws-CONTENT_release-23.16,,uat3,uat1,uat1 ,
2023-10-07 15:31:04,int5,gr,release-23.14,2023-10-01 04:55,FAILURE,,deploy-int5-gr-CONTENT_release-23.14,,uat3,uat1,uat1 ,rgs
2023-10-08 15:18:00,int5,mg,release-23.14,2023-10-08 04:48,SUCCESS,422091302,deploy-int5-mg-CONTENT_release-23.14,
2023-10-08 15:18:01,int5,pb,release-23.14,2023-10-08 03:52,SUCCESS,323060811,deploy-int5-pb-CONTENT_release-23.14,
2023-10-08 15:18:04,int5,pk,release-23.14,2023-10-08 03:52,SUCCESS,423082500,deploy-int5-pk-CONTENT_release-23.14,
2023-10-08 15:18:06,int5,pt,release-23.14,2023-10-08 04:37,SUCCESS,,deploy-int5-pt-CONTENT_release-23.14,
2023-10-07 15:31:36,int5,rj,release-23.14,2023-10-01 05:00,FAILURE,323022103,deploy-int5-rj-CONTENT_release-23.14,,uat3,uat1,uat1 ,
2023-10-08 15:18:07,int5,we,release-23.14,2023-10-01 04:07,SUCCESS,323082302,deploy-int5-we-CONTENT_release-23.14,
2023-10-08 15:18:10,int5,ws,release-23.14,2023-10-01 04:51,SUCCESS,323042124,deploy-int5-ws-CONTENT_release-23.14,
2023-10-08 15:18:16,int6,mg,,Undeployed,,,,
2023-10-08 15:18:18,int6,pb,,Undeployed,,,,
2023-10-08 15:18:19,int6,pk,,Undeployed,,322122937,,
2023-10-08 15:18:22,int6,pt,,Undeployed,,322122933,,
2023-10-08 15:18:24,int6,we,,Undeployed,,323022837,,
2023-10-08 15:18:28,int6,ws,,Undeployed,,323022233,,
2023-10-08 15:18:36,int7,mg,,Undeployed,,323022233,,
2023-10-08 15:18:37,int7,pb,,Undeployed,,323022837,,
2023-10-08 15:18:39,int7,pk,,Undeployed,,322122937,,
2023-10-08 15:18:40,int7,pt,,Undeployed,,322122933,,
2023-10-08 15:18:41,int7,we,,Undeployed,,,,
2023-10-08 15:18:42,int7,ws,,Undeployed,,,,
2023-10-08 23:16:19,perf,mg,release-23.16,Undeployed,,323100524,deploy-perf-mg-CONTENT_release-23.16,,uat1,uat1,,
2023-10-08 23:16:26,perf,pb,release-23.16,2023-09-18 04:04,SUCCESS,421080306,deploy-perf-pb-CONTENT_release-23.16,,uat1,uat1,,
2023-10-08 23:16:33,perf,pk,release-23.16,2023-09-18 04:04,SUCCESS,323100324,deploy-perf-pk-CONTENT_release-23.16,,uat1,uat1,,
2023-10-08 23:16:40,perf,pt,release-23.16,2023-09-18 03:26,SUCCESS,422040801,deploy-perf-pt-CONTENT_release-23.16,,uat1,uat1,,
2023-10-08 23:16:47,perf,rj,release-23.16,Undeployed,,323091427,deploy-perf-rj-CONTENT_release-23.16,,uat1,uat1,,
2023-10-08 23:16:53,perf,we,release-23.16,2023-09-18 04:04,SUCCESS,421071600,deploy-perf-we-CONTENT_release-23.16,,uat1,uat1,,
2023-10-08 23:16:59,perf,ws,release-23.16,Undeployed,,422090906,deploy-perf-ws-CONTENT_release-23.16,,uat1,uat1,,
2023-10-09 04:06:44,qa1,mg,release-23.06,2023-10-05 05:13,SUCCESS,323020921,deploy-qa1-mg-CONTENT_release-23.06,
2023-10-09 04:06:45,qa1,pb,release-23.06,2023-04-27 12:02,SUCCESS,323022002,deploy-qa1-pb-CONTENT_release-23.06,
2023-10-09 04:06:47,qa1,pk,release-23.06,2023-10-06 08:16,SUCCESS,323020833,deploy-qa1-pk-CONTENT_release-23.06,
2023-10-09 04:06:49,qa1,pt,release-23.06,Undeployed,,423030401,deploy-qa1-pt-CONTENT_release-23.06,
2023-10-09 04:06:51,qa1,we,release-23.06,Undeployed,,423031614,deploy-qa1-we-CONTENT_release-23.06,
2023-10-09 04:06:53,qa1,ws,release-23.06,2023-07-20 03:00,SUCCESS,423030807,deploy-qa1-ws-CONTENT_release-23.06,
2023-02-08 11:59:51,qa10,gr,,Undeployed,,,,,uat1,uat1,
2023-10-09 04:07:00,qa10,mg,release-23.16,Undeployed,,323041901,deploy-qa10-mg-CONTENT_release-23.16,
2023-10-09 04:07:01,qa10,pb,release-23.16,Undeployed,,323060811,deploy-qa10-pb-CONTENT_release-23.16,
2023-10-09 04:07:02,qa10,pk,release-23.16,2023-10-08 11:49,SUCCESS,323042135,deploy-qa10-pk-CONTENT_release-23.16,
2023-10-09 04:07:04,qa10,pt,release-23.16,2023-10-08 11:48,SUCCESS,323082331,deploy-qa10-pt-CONTENT_release-23.16,
2023-10-08 22:13:50,qa10,rj,release-23.16,2023-10-08 12:17,SUCCESS,323042132,deploy-qa10-rj-CONTENT_release-23.16,,uat1,uat1,uat1 ,
2023-10-09 04:07:05,qa10,we,release-23.16,2023-10-08 11:48,SUCCESS,323042632,deploy-qa10-we-CONTENT_release-23.16,
2023-10-09 04:07:06,qa10,ws,release-23.16,2023-10-09 03:17,SUCCESS,323091933,deploy-qa10-ws-CONTENT_release-23.16,
2023-10-08 22:14:48,qa11,mg,release-23.16,2023-10-08 01:26,SUCCESS,422091302,deploy-qa11-mg-CONTENT_release-23.16,,uat1,uat1,uat1 ,
2023-10-08 22:14:54,qa11,pb,release-23.16,2023-10-08 01:45,SUCCESS,323060202,deploy-qa11-pb-CONTENT_release-23.16,,uat1,uat1,uat1 ,
2023-10-08 22:15:02,qa11,pk,release-23.16,Undeployed,,323062642,deploy-qa11-pk-CONTENT_release-23.16,,uat1,uat1,uat1 ,
2023-10-08 22:15:08,qa11,pt,release-23.16,2023-10-08 01:26,SUCCESS,422040801,deploy-qa11-pt-CONTENT_release-23.16,,uat1,uat1,uat1 ,
2023-10-08 22:15:15,qa11,rj,release-23.16,2023-10-08 01:26,SUCCESS,422090637,deploy-qa11-rj-CONTENT_release-23.16,,uat1,uat1,uat1 ,
2023-10-08 22:15:22,qa11,we,release-23.16,2023-10-08 01:27,SUCCESS,421071600,deploy-qa11-we-CONTENT_release-23.16,,uat1,uat1,uat1 ,
2023-10-08 22:15:29,qa11,ws,release-23.16,Undeployed,,422090906,deploy-qa11-ws-CONTENT_release-23.16,,uat1,uat1,uat1 ,
2023-10-08 22:15:49,qa12,mg,release-23.06,2023-10-05 11:48,SUCCESS,,deploy-qa12-mg-CONTENT_release-23.06,,uat1,uat1,prdrk uat1 ,
2023-10-08 22:15:55,qa12,pb,release-23.06,2023-10-05 06:35,SUCCESS,,deploy-qa12-pb-CONTENT_release-23.06,,uat1,uat1,prdrk uat1 ,
2023-10-08 22:16:02,qa12,pk,release-23.06,2023-10-06 08:15,SUCCESS,323020833,deploy-qa12-pk-CONTENT_release-23.06,,uat1,uat1,prdrk uat1 ,
2023-10-08 22:16:10,qa12,pt,release-23.06,2023-04-27 01:40,SUCCESS,323020832,deploy-qa12-pt-CONTENT_release-23.06,,uat1,uat1,prdrk uat1 ,
2023-10-08 22:16:18,qa12,we,release-23.06,2023-06-28 03:13,SUCCESS,323071322,deploy-qa12-we-CONTENT_release-23.06,,uat1,uat1,prdrk uat1 ,
2023-10-08 22:16:25,qa12,ws,release-23.06,2023-04-27 01:42,SUCCESS,323020838,deploy-qa12-ws-CONTENT_release-23.06,,uat1,uat1,prdrk uat1 ,
2023-10-09 04:07:45,qa13,mg,release-23.12,2023-10-04 09:09,SUCCESS,323071113,deploy-qa13-mg-CONTENT_release-23.12,
2023-10-09 04:07:47,qa13,pb,release-23.12,2023-10-04 09:09,SUCCESS,323071200,deploy-qa13-pb-CONTENT_release-23.12,
2023-10-09 04:07:48,qa13,pk,release-23.12,2023-10-04 09:09,SUCCESS,323071122,deploy-qa13-pk-CONTENT_release-23.12,
2023-10-09 04:07:49,qa13,pt,release-23.12,2023-10-04 09:09,SUCCESS,323071023,deploy-qa13-pt-CONTENT_release-23.12,
2023-10-09 04:07:51,qa13,we,release-23.12,2023-10-04 09:09,SUCCESS,323071109,deploy-qa13-we-CONTENT_release-23.12,
2023-10-09 04:07:52,qa13,ws,release-23.12,2023-10-04 09:09,SUCCESS,323071035,deploy-qa13-ws-CONTENT_release-23.12,
2023-10-09 04:07:57,qa14,mg,fuya-wrk-230830,2023-10-05 04:46,SUCCESS,323090740,deploy-qa14-mg-CONTENT_fuya-wrk-230830,
2023-10-09 04:07:59,qa14,pb,fuya-wrk-230830,2023-10-05 06:10,SUCCESS,323091125,deploy-qa14-pb-CONTENT_fuya-wrk-230830,
2023-10-09 04:08:01,qa14,pk,fuya-wrk-230830,2023-08-30 05:42,SUCCESS,,deploy-qa14-pk-CONTENT_fuya-wrk-230830,
2023-10-09 04:08:03,qa14,pt,fuya-wrk-230830,2023-08-30 05:34,SUCCESS,323091127,deploy-qa14-pt-CONTENT_fuya-wrk-230830,
2023-10-08 22:18:02,qa14,rj,fuya-wrk-230830,2023-08-30 05:41,SUCCESS,323090730,deploy-qa14-rj-CONTENT_fuya-wrk-230830,,uat1,uat1,prdrk qa3 ,
2023-10-09 04:08:04,qa14,we,fuya-wrk-230830,2023-08-30 05:41,SUCCESS,323091123,deploy-qa14-we-CONTENT_fuya-wrk-230830,
2023-10-09 04:08:07,qa14,ws,fuya-wrk-230830,2023-08-30 05:31,SUCCESS,323082537,deploy-qa14-ws-CONTENT_fuya-wrk-230830,
2023-10-09 04:08:14,qa15,mg,trunk,2023-10-05 06:08,SUCCESS,422040802,deploy-qa15-mg-CONTENT_trunk,
2023-10-09 04:08:15,qa15,pb,trunk,2023-07-18 07:27,SUCCESS,,deploy-qa15-pb-CONTENT_trunk,
2023-10-09 04:08:17,qa15,pk,trunk,2023-07-18 07:29,SUCCESS,421061011,deploy-qa15-pk-CONTENT_trunk,
2023-10-09 04:08:19,qa15,pt,trunk,2023-01-26 06:27,SUCCESS,422040801,deploy-qa15-pt-CONTENT_trunk,
2023-10-09 04:08:20,qa15,we,trunk,2023-08-22 05:48,SUCCESS,323031419,deploy-qa15-we-CONTENT_trunk,
2023-10-09 04:08:23,qa15,ws,trunk,2023-02-13 01:39,SUCCESS,421080434,deploy-qa15-ws-CONTENT_trunk,
2023-10-09 04:08:30,qa16,mg,trunk,2023-10-05 06:07,SUCCESS,323020921,deploy-qa16-mg-CONTENT_trunk,
2023-10-09 04:08:31,qa16,pb,trunk,2023-10-08 05:15,SUCCESS,323071418,deploy-qa16-pb-CONTENT_trunk,
2023-10-09 04:08:32,qa16,pk,trunk,2023-07-18 07:31,SUCCESS,323032941,deploy-qa16-pk-CONTENT_trunk,
2023-10-09 04:08:34,qa16,pt,trunk,2023-08-22 05:46,SUCCESS,323020832,deploy-qa16-pt-CONTENT_trunk,
2023-10-09 04:08:36,qa16,we,trunk,2023-05-15 11:32,SUCCESS,323022837,deploy-qa16-we-CONTENT_trunk,
2023-10-09 04:08:38,qa16,ws,trunk,2023-05-15 11:32,SUCCESS,323020838,deploy-qa16-ws-CONTENT_trunk,
2023-10-09 04:08:45,qa17,mg,rainier-wrk-20230601,2023-10-05 01:35,SUCCESS,422091302,deploy-qa17-mg-CONTENT_rainier-wrk-20230601,
2023-10-09 04:08:47,qa17,pb,rainier-wrk-20230601,2023-10-09 01:16,SUCCESS,,deploy-qa17-pb-CONTENT_rainier-wrk-20230601,
2023-10-09 04:09:34,qa17,pk,rainier-wrk-20230601,2023-10-05 01:35,SUCCESS,423031406,deploy-qa17-pk-CONTENT_rainier-wrk-20230601,
2023-10-09 04:09:40,qa17,pt,rainier-wrk-20230601,2023-10-05 01:35,SUCCESS,422040801,deploy-qa17-pt-CONTENT_rainier-wrk-20230601,
2023-10-09 04:09:42,qa17,we,rainier-wrk-20230601,2023-10-08 08:48,SUCCESS,421071600,deploy-qa17-we-CONTENT_rainier-wrk-20230601,H 8 * * *
2023-10-09 04:09:45,qa17,ws,rainier-wrk-20230601,2023-10-05 01:35,SUCCESS,323090742,deploy-qa17-ws-CONTENT_rainier-wrk-20230601,
2023-10-09 04:09:52,qa18,mg,trunk,2023-10-05 04:48,SUCCESS,422091302,deploy-qa18-mg-CONTENT_trunk,
2023-10-09 04:09:53,qa18,pb,trunk,2023-08-01 07:27,SUCCESS,,deploy-qa18-pb-CONTENT_trunk,
2023-10-09 04:10:03,qa18,pk,trunk,2023-08-01 07:28,SUCCESS,323050223,deploy-qa18-pk-CONTENT_trunk,
2023-10-09 04:10:05,qa18,pt,trunk,2023-08-01 07:27,SUCCESS,423031408,deploy-qa18-pt-CONTENT_trunk,
2023-10-09 04:10:07,qa18,we,trunk,2023-08-01 07:27,SUCCESS,423031400,deploy-qa18-we-CONTENT_trunk,
2023-10-09 04:10:12,qa18,ws,trunk,2023-08-01 07:28,SUCCESS,323042124,deploy-qa18-ws-CONTENT_trunk,
2023-10-09 04:10:20,qa19,mg,montblanc-wrk-230605,2023-09-20 08:17,SUCCESS,422091302,deploy-qa19-mg-CONTENT_montblanc-wrk-230605,
2023-10-09 04:10:22,qa19,pb,montblanc-wrk-230605,2023-10-05 11:52,SUCCESS,,deploy-qa19-pb-CONTENT_montblanc-wrk-230605,
2023-10-09 04:11:09,qa19,pk,montblanc-wrk-230605,2023-10-06 12:01,SUCCESS,421061011,deploy-qa19-pk-CONTENT_montblanc-wrk-230605,
2023-10-09 04:11:11,qa19,pt,montblanc-wrk-230605,2023-09-20 08:17,SUCCESS,321040541,deploy-qa19-pt-CONTENT_montblanc-wrk-230605,
2023-10-09 04:11:13,qa19,we,montblanc-wrk-230605,2023-09-20 08:17,SUCCESS,321120316,deploy-qa19-we-CONTENT_montblanc-wrk-230605,
2023-10-09 04:11:18,qa19,ws,montblanc-wrk-230605,2023-09-20 08:17,SUCCESS,323050314,deploy-qa19-ws-CONTENT_montblanc-wrk-230605,
2023-10-09 01:26:42,qa2,mg,denali-wrk-230919,2023-09-19 10:56,SUCCESS,323100524,deploy-qa2-mg-CONTENT_denali-wrk-230919,,uat1,uat1,uat1 ,
2023-10-09 01:26:49,qa2,pb,denali-wrk-230919,2023-10-08 05:34,SUCCESS,,deploy-qa2-pb-CONTENT_denali-wrk-230919,,uat1,uat1,uat1 ,caqa
2023-10-09 01:27:40,qa2,pk,denali-wrk-230919,2023-10-06 12:03,SUCCESS,423100607,deploy-qa2-pk-CONTENT_denali-wrk-230919,,uat1,uat1,uat1 ,
2023-10-09 01:27:47,qa2,pt,denali-wrk-230919,2023-09-19 12:26,SUCCESS,323071339,deploy-qa2-pt-CONTENT_denali-wrk-230919,,uat1,uat1,uat1 ,
2023-10-09 01:27:54,qa2,rj,denali-wrk-230919,2023-09-19 10:57,SUCCESS,422090637,deploy-qa2-rj-CONTENT_denali-wrk-230919,,uat1,uat1
2023-10-09 01:28:00,qa2,we,denali-wrk-230919,2023-09-19 11:03,SUCCESS,323100612,deploy-qa2-we-CONTENT_denali-wrk-230919,,uat1,uat1,uat1 ,
2023-10-09 01:28:19,qa2,ws,denali-wrk-230919,2023-09-19 10:57,SUCCESS,323100533,deploy-qa2-ws-CONTENT_denali-wrk-230919,,uat1,uat1,uat1 ,
2023-10-09 01:37:32,qa20,mg,marcy-wrk-220110,2023-10-08 02:24,SUCCESS,422091302,deploy-qa20-mg-CONTENT_marcy-wrk-220110,H H(1-4) * * *,uat1,uat1,uat1 ,
2023-10-09 01:37:38,qa20,pb,marcy-wrk-220110,2023-10-08 02:31,SUCCESS,321111004,deploy-qa20-pb-CONTENT_marcy-wrk-220110,H H(1-4) * * *,uat1,uat1,uat1 ,
2023-10-09 01:37:46,qa20,pk,marcy-wrk-220110,2023-10-09 01:16,SUCCESS,320102222,deploy-qa20-pk-CONTENT_marcy-wrk-220110,H H(1-4) * * *,uat1,uat1,uat1 ,
2023-10-09 01:37:53,qa20,pt,marcy-wrk-220110,2023-10-08 04:45,SUCCESS,422040801,deploy-qa20-pt-CONTENT_marcy-wrk-220110,H H(1-4) * * *,uat1,uat1,uat1 ,
2023-10-09 01:38:11,qa20,we,marcy-wrk-220110,2023-10-08 04:26,SUCCESS,323031419,deploy-qa20-we-CONTENT_marcy-wrk-220110,H H(1-4) * * *,uat1,uat1,uat1 ,
2023-10-09 01:38:22,qa20,ws,marcy-wrk-220110,2023-10-08 02:25,SUCCESS,422090906,deploy-qa20-ws-CONTENT_marcy-wrk-220110,H H(1-4) * * *,uat1,uat1,uat1 ,
2023-10-09 01:38:41,qa21,mg,rainier-wrk-20230601,2023-10-08 08:24,SUCCESS,422091302,deploy-qa21-mg-CONTENT_rainier-wrk-20230601,H 8 * * *,uat1,uat1,uat1 ,
2023-10-09 01:38:47,qa21,pb,rainier-wrk-20230601,2023-10-08 09:31,FAILURE,421081700,deploy-qa21-pb-CONTENT_rainier-wrk-20230601,H 8 * * *,ca-rgs1,cargs,ca-uat1 ,
2023-10-09 01:38:53,qa21,pk,rainier-wrk-20230601,2023-10-08 09:21,FAILURE,323040513,deploy-qa21-pk-CONTENT_rainier-wrk-20230601,H 8 * * *,ca-rgs1,cargs,ca-uat1 ,
2023-10-09 01:39:00,qa21,pt,rainier-wrk-20230601,2023-10-08 09:06,FAILURE,322091700,deploy-qa21-pt-CONTENT_rainier-wrk-20230601,H 8 * * *,ca-rgs1,cargs,ca-uat1 ,
2023-10-09 01:39:07,qa21,we,rainier-wrk-20230601,2023-10-08 09:11,FAILURE,323040428,deploy-qa21-we-CONTENT_rainier-wrk-20230601,H 8 * * *,ca-rgs1,cargs,ca-uat1 ,
2023-10-09 01:39:15,qa21,ws,rainier-wrk-20230601,2023-10-08 09:13,FAILURE,421120830,deploy-qa21-ws-CONTENT_rainier-wrk-20230601,H 8 * * *,ca-rgs1,cargs,ca-uat1 ,
2023-10-09 01:39:33,qa22,mg,release-23.06,2023-08-31 08:44,SUCCESS,422091302,deploy-qa22-mg-CONTENT_release-23.06,,uat1,uat1,prdrk ,
2023-10-09 01:39:39,qa22,pb,release-23.06,2023-10-06 02:45,SUCCESS,322122918,deploy-qa22-pb-CONTENT_release-23.06,,uat1,uat1,prdrk ,
2023-10-09 01:39:49,qa22,pk,release-23.06,2023-09-16 02:15,SUCCESS,323062642,deploy-qa22-pk-CONTENT_release-23.06,,uat1,uat1,prdrk ,
2023-10-09 01:39:57,qa22,pt,release-23.06,2023-10-06 12:01,SUCCESS,422040801,deploy-qa22-pt-CONTENT_release-23.06,,uat1,uat1,prdrk ,
2023-10-09 01:40:04,qa22,we,release-23.06,2023-08-07 11:48,SUCCESS,323031419,deploy-qa22-we-CONTENT_release-23.06,,uat1,uat1,prdrk ,
2023-10-09 01:40:11,qa22,ws,release-23.06,2023-09-25 02:54,SUCCESS,422090906,deploy-qa22-ws-CONTENT_release-23.06,,uat1,uat1,prdrk ,
2023-10-09 01:40:50,qa23,mg,release-23.12,2023-08-01 04:38,SUCCESS,,deploy-qa23-mg-CONTENT_release-23.12,,uat1,uat1,qa3 uat1 ,
2023-10-09 01:40:57,qa23,pb,release-23.12,2023-08-01 04:38,SUCCESS,,deploy-qa23-pb-CONTENT_release-23.12,,uat1,uat1,qa3 uat1 ,
2023-10-09 01:41:03,qa23,pk,release-23.12,2023-08-01 04:38,SUCCESS,,deploy-qa23-pk-CONTENT_release-23.12,,uat1,uat1,qa3 uat1 ,
2023-10-09 01:41:08,qa23,pt,release-23.12,2023-08-01 04:38,SUCCESS,,deploy-qa23-pt-CONTENT_release-23.12,,uat1,uat1,qa3 uat1 ,
2023-10-09 01:41:15,qa23,we,release-23.12,2023-08-01 04:38,SUCCESS,,deploy-qa23-we-CONTENT_release-23.12,,uat1,uat1,qa3 uat1 ,
2023-10-09 01:41:21,qa23,ws,release-23.12,2023-08-01 04:38,SUCCESS,,deploy-qa23-ws-CONTENT_release-23.12,,uat1,uat1,qa3 uat1 ,
2023-10-09 01:41:38,qa24,mg,denali-wrk-230919,2023-09-28 02:18,FAILURE,,deploy-qa24-mg-CONTENT_denali-wrk-230919,,ca-rgs1,cargs,ca-uat1 ,
2023-10-09 01:41:44,qa24,pb,denali-wrk-230919,2023-09-28 01:04,SUCCESS,,deploy-qa24-pb-CONTENT_denali-wrk-230919,,ca-rgs1,cargs,ca-uat1 ,
2023-10-09 01:41:55,qa24,pk,denali-wrk-230919,2023-09-28 01:32,SUCCESS,323042507,deploy-qa24-pk-CONTENT_denali-wrk-230919,,ca-rgs1,cargs,ca-uat1 ,
2023-10-09 01:42:02,qa24,pt,denali-wrk-230919,2023-09-28 01:32,SUCCESS,322091700,deploy-qa24-pt-CONTENT_denali-wrk-230919,,ca-rgs1,cargs,ca-uat1 ,
2023-10-09 01:42:08,qa24,we,denali-wrk-230919,2023-09-28 02:47,FAILURE,322061702,deploy-qa24-we-CONTENT_denali-wrk-230919,,ca-rgs1,cargs,ca-uat1 ,
2023-10-09 01:42:13,qa24,ws,denali-wrk-230919,2023-09-28 01:31,SUCCESS,322080157,deploy-qa24-ws-CONTENT_denali-wrk-230919,,ca-rgs1,cargs,ca-uat1 ,
2023-10-09 01:42:31,qa25,mg,release-quenya,2022-11-25 11:18,SUCCESS,,deploy-qa25-mg-CONTENT_release-quenya,,uat1,uat1,uat1 ,
2023-10-09 01:42:37,qa25,pb,release-quenya,2022-12-21 11:56,SUCCESS,,deploy-qa25-pb-CONTENT_release-quenya,,uat1,uat1,uat1 ,
2023-10-09 01:42:43,qa25,pk,release-quenya,2023-01-20 12:36,SUCCESS,,deploy-qa25-pk-CONTENT_release-quenya,,uat1,uat1,uat1 ,
2023-10-09 01:42:49,qa25,pt,release-quenya,Undeployed,,,deploy-qa25-pt-CONTENT_release-quenya,,uat1,uat1,uat1 ,
2023-10-09 01:42:54,qa25,we,release-quenya,2023-02-23 03:50,SUCCESS,,deploy-qa25-we-CONTENT_release-quenya,,uat1,uat1,uat1 ,
2023-10-09 01:43:00,qa25,ws,release-quenya,2022-11-25 11:19,SUCCESS,,deploy-qa25-ws-CONTENT_release-quenya,,uat1,uat1,uat1 ,
2023-10-09 01:43:17,qa26,mg,release-23.10,2023-10-05 04:58,SUCCESS,319092632,deploy-qa26-mg-CONTENT_release-23.10,,uat1,uat1,qa3 ,
2023-10-09 01:43:23,qa26,pb,release-23.10,2023-10-05 11:52,SUCCESS,421081700,deploy-qa26-pb-CONTENT_release-23.10,,ca-rgs1,cargs,ca-uat1 ,
2023-10-09 01:43:29,qa26,pk,release-23.10,2023-10-06 12:02,SUCCESS,323060216,deploy-qa26-pk-CONTENT_release-23.10,,ca-rgs1,cargs,ca-uat1 ,
2023-10-09 01:43:35,qa26,pt,release-23.10,2023-06-11 01:17,SUCCESS,323060105,deploy-qa26-pt-CONTENT_release-23.10,,ca-rgs1,cargs,ca-uat1 ,
2023-10-09 01:43:40,qa26,we,release-23.10,2023-06-08 02:12,SUCCESS,321121426,deploy-qa26-we-CONTENT_release-23.10,,ca-rgs1,cargs,ca-uat1 ,
2023-10-09 01:43:46,qa26,ws,release-23.10,2023-06-08 12:14,SUCCESS,323060720,deploy-qa26-ws-CONTENT_release-23.10,,ca-rgs1,cargs,ca-uat1 ,ca1
2023-10-09 01:44:03,qa27,mg,rimo-wrk-230411,2023-10-05 04:47,SUCCESS,323052242,deploy-qa27-mg-CONTENT_rimo-wrk-230411,,uat1,uat1,uat1 ,
2023-10-09 01:44:10,qa27,pb,rimo-wrk-230411,2023-10-06 05:22,SUCCESS,,deploy-qa27-pb-CONTENT_rimo-wrk-230411,,uat1,uat1,uat1 ,
2023-10-09 01:44:17,qa27,pk,rimo-wrk-230411,2023-10-08 10:46,SUCCESS,323062642,deploy-qa27-pk-CONTENT_rimo-wrk-230411,,uat1,uat1,uat1 ,
2023-10-09 01:44:31,qa27,pt,rimo-wrk-230411,2023-07-28 04:13,SUCCESS,423031408,deploy-qa27-pt-CONTENT_rimo-wrk-230411,,uat1,uat1,uat1 ,
2023-10-09 01:44:38,qa27,rj,rimo-wrk-230411,2023-07-28 04:35,SUCCESS,323061533,deploy-qa27-rj-CONTENT_rimo-wrk-230411,,uat1,uat1,uat1 ,
2023-10-09 01:44:44,qa27,we,trunk,2023-08-01 09:15,SUCCESS,323091318,deploy-qa27-we-CONTENT_trunk,,uat1,uat1,uat1 ,
2023-10-09 01:44:51,qa27,ws,trunk,2023-09-13 02:15,SUCCESS,323061323,deploy-qa27-ws-CONTENT_trunk,,uat1,uat1,uat1 ,
2023-10-09 01:45:31,qa28,mg,rimo-wrk-230411,2023-10-08 09:54,SUCCESS,422091302,deploy-qa28-mg-CONTENT_rimo-wrk-230411,,uat1,uat1,uat1 ,
2023-10-09 01:45:40,qa28,pb,rimo-wrk-230411,2023-10-08 09:54,SUCCESS,323032802,deploy-qa28-pb-CONTENT_rimo-wrk-230411,,uat1,uat1,uat1 ,
2023-10-09 01:45:59,qa28,pk,rimo-wrk-230411,2023-10-08 09:54,SUCCESS,323100324,deploy-qa28-pk-CONTENT_rimo-wrk-230411,H 8 * * *,uat1,uat1,uat1 ,
2023-10-09 01:46:15,qa28,pt,rimo-wrk-230411,2023-10-08 09:54,SUCCESS,323060548,deploy-qa28-pt-CONTENT_rimo-wrk-230411,H 8 * * *,uat1,uat1,uat1 ,
2023-10-09 01:46:21,qa28,we,rimo-wrk-230411,2023-10-08 09:54,SUCCESS,323082302,deploy-qa28-we-CONTENT_rimo-wrk-230411,,uat1,uat1,uat1 ,
2023-10-09 01:46:33,qa28,ws,rimo-wrk-230411,2023-10-08 09:54,SUCCESS,323080129,deploy-qa28-ws-CONTENT_rimo-wrk-230411,,uat1,uat1,uat1 ,
2023-10-09 01:46:51,qa29,mg,release-23.10,2023-10-04 09:08,SUCCESS,322101119,deploy-qa29-mg-CONTENT_release-23.10,,uat3,uat1,uat1 ,
2023-10-09 01:46:57,qa29,pb,release-23.10,Undeployed,,423031715,deploy-qa29-pb-CONTENT_release-23.10,,uat3,uat1,uat1 ,
2023-10-09 01:47:04,qa29,pk,release-23.10,Undeployed,,423031406,deploy-qa29-pk-CONTENT_release-23.10,,uat3,uat1,uat1 ,
2023-10-09 01:47:11,qa29,pt,release-23.10,2023-10-04 09:10,FAILURE,322101122,deploy-qa29-pt-CONTENT_release-23.10,,uat3,uat1,uat1 ,
2023-10-09 01:47:17,qa29,we,release-23.10,2023-10-04 08:08,SUCCESS,322111121,deploy-qa29-we-CONTENT_release-23.10,,uat3,uat1,uat1 ,
2023-10-09 01:47:24,qa29,ws,release-23.10,2023-10-04 09:08,FAILURE,322101042,deploy-qa29-ws-CONTENT_release-23.10,,uat3,uat1,uat1 ,
2023-10-09 02:50:33,qa3,mg,release-23.06,2023-10-05 04:52,SUCCESS,323020921,deploy-qa3-mg-CONTENT_release-23.06,
2023-10-09 02:50:34,qa3,pb,release-23.06,2023-10-05 11:54,SUCCESS,323022002,deploy-qa3-pb-CONTENT_release-23.06,
2023-10-09 02:50:36,qa3,pk,release-23.06,2023-10-06 08:15,SUCCESS,323020833,deploy-qa3-pk-CONTENT_release-23.06,
2023-10-09 02:50:38,qa3,pt,release-23.06,2023-04-23 06:43,SUCCESS,323020832,deploy-qa3-pt-CONTENT_release-23.06,
2023-10-09 02:50:39,qa3,we,release-23.06,2023-04-23 06:43,SUCCESS,421071600,deploy-qa3-we-CONTENT_release-23.06,
2023-10-09 02:50:42,qa3,ws,release-23.06,2023-04-23 06:43,SUCCESS,323020838,deploy-qa3-ws-CONTENT_release-23.06,
2023-10-09 02:50:49,qa30,mg,release-23.04,2023-10-05 04:50,SUCCESS,423031403,deploy-qa30-mg-CONTENT_release-23.04,
2023-10-09 02:50:50,qa30,pb,release-23.04,2023-08-02 04:31,SUCCESS,,deploy-qa30-pb-CONTENT_release-23.04,
2023-10-09 02:50:51,qa30,pk,release-23.04,2023-10-06 08:15,SUCCESS,423031406,deploy-qa30-pk-CONTENT_release-23.04,
2023-10-09 02:50:53,qa30,pt,release-23.04,2023-08-02 04:20,SUCCESS,423031408,deploy-qa30-pt-CONTENT_release-23.04,
2023-10-09 02:50:54,qa30,we,release-23.04,2023-08-02 04:33,SUCCESS,423031400,deploy-qa30-we-CONTENT_release-23.04,
2023-10-09 02:50:55,qa30,ws,release-23.04,2023-08-02 04:35,SUCCESS,423031711,deploy-qa30-ws-CONTENT_release-23.04,
2023-10-09 02:51:02,qa31,mg,release-23.16,2023-10-08 05:19,SUCCESS,323081048,deploy-qa31-mg-CONTENT_release-23.16,
2023-10-09 02:51:03,qa31,pb,release-23.16,2023-10-08 05:46,SUCCESS,323082414,deploy-qa31-pb-CONTENT_release-23.16,
2023-10-09 02:51:05,qa31,pk,release-23.16,2023-10-08 05:19,SUCCESS,323082432,deploy-qa31-pk-CONTENT_release-23.16,
2023-10-09 02:51:06,qa31,pt,release-23.16,2023-10-08 05:19,SUCCESS,323082435,deploy-qa31-pt-CONTENT_release-23.16,
2023-10-08 19:56:25,qa31,rj,release-23.16,2023-10-08 05:19,SUCCESS,323082442,deploy-qa31-rj-CONTENT_release-23.16,,uat3,uat1,qa1 ,
2023-10-09 02:51:07,qa31,we,release-23.16,Undeployed,,323082429,deploy-qa31-we-CONTENT_release-23.16,
2023-10-09 02:51:09,qa31,ws,release-23.16,2023-10-08 05:20,SUCCESS,323081146,deploy-qa31-ws-CONTENT_release-23.16,
2023-10-09 02:51:15,qa32,mg,release-23.06,2023-10-05 04:59,SUCCESS,323052242,deploy-qa32-mg-CONTENT_release-23.06,
2023-10-09 02:51:16,qa32,pb,release-23.06,2023-10-05 11:53,SUCCESS,323060202,deploy-qa32-pb-CONTENT_release-23.06,
2023-10-09 02:51:18,qa32,pk,release-23.06,2023-10-06 08:15,SUCCESS,323060630,deploy-qa32-pk-CONTENT_release-23.06,
2023-10-09 02:51:20,qa32,pt,release-23.06,2023-06-07 03:16,SUCCESS,323060618,deploy-qa32-pt-CONTENT_release-23.06,
2023-10-09 02:51:21,qa32,we,release-23.06,Undeployed,,323060617,deploy-qa32-we-CONTENT_release-23.06,
2023-10-09 02:51:23,qa32,ws,release-23.06,Undeployed,,323053133,deploy-qa32-ws-CONTENT_release-23.06,
2023-10-09 02:51:29,qa33,mg,release-23.14,2023-10-05 11:48,SUCCESS,,deploy-qa33-mg-CONTENT_release-23.14,
2023-10-09 02:51:31,qa33,pb,release-23.14,2023-09-19 09:45,SUCCESS,,deploy-qa33-pb-CONTENT_release-23.14,
2023-10-09 02:51:32,qa33,pk,release-23.14,2023-10-06 08:15,SUCCESS,423031406,deploy-qa33-pk-CONTENT_release-23.14,
2023-10-09 02:51:33,qa33,pt,release-23.14,2023-09-19 04:46,SUCCESS,423031408,deploy-qa33-pt-CONTENT_release-23.14,
2023-10-09 02:51:35,qa33,we,release-23.14,2023-09-19 08:17,SUCCESS,423031400,deploy-qa33-we-CONTENT_release-23.14,
2023-10-09 02:51:36,qa33,ws,release-23.14,2023-10-04 11:30,SUCCESS,323100214,deploy-qa33-ws-CONTENT_release-23.14,
2023-10-09 02:51:42,qa34,mg,trunk,2023-10-05 11:49,SUCCESS,322062041,deploy-qa34-mg-CONTENT_trunk,
2023-10-09 02:51:43,qa34,pb,trunk,2023-10-05 11:54,SUCCESS,,deploy-qa34-pb-CONTENT_trunk,
2023-10-09 02:52:30,qa34,pk,trunk,Undeployed,,322050519,deploy-qa34-pk-CONTENT_trunk,
2023-10-09 02:52:32,qa34,pt,trunk,2023-07-04 05:05,SUCCESS,322062107,deploy-qa34-pt-CONTENT_trunk,
2023-10-09 02:52:34,qa34,we,trunk,2023-08-21 04:25,SUCCESS,323031419,deploy-qa34-we-CONTENT_trunk,
2023-10-09 02:52:36,qa34,ws,trunk,2023-02-27 11:37,SUCCESS,322071603,deploy-qa34-ws-CONTENT_trunk,
2023-10-09 02:52:43,qa35,mg,trunk,2023-10-05 04:49,SUCCESS,323012024,deploy-qa35-mg-CONTENT_trunk,
2023-10-09 02:52:44,qa35,pb,trunk,2023-07-11 02:49,SUCCESS,,deploy-qa35-pb-CONTENT_trunk,
2023-10-09 02:53:31,qa35,pk,trunk,2023-06-22 07:18,SUCCESS,322101105,deploy-qa35-pk-CONTENT_trunk,
2023-10-09 02:53:33,qa35,pt,trunk,2023-06-22 07:19,SUCCESS,323010635,deploy-qa35-pt-CONTENT_trunk,
2023-10-09 02:53:35,qa35,we,trunk,2023-06-22 07:19,SUCCESS,421071600,deploy-qa35-we-CONTENT_trunk,
2023-10-09 02:53:37,qa35,ws,trunk,2023-06-22 07:21,SUCCESS,323010516,deploy-qa35-ws-CONTENT_trunk,
2023-10-09 02:53:44,qa36,mg,trunk,2023-10-05 05:13,SUCCESS,,deploy-qa36-mg-CONTENT_trunk,
2023-10-09 02:53:45,qa36,pb,trunk,2023-08-04 03:52,SUCCESS,,deploy-qa36-pb-CONTENT_trunk,
2023-10-09 02:53:47,qa36,pk,trunk,2023-10-06 05:04,SUCCESS,323041237,deploy-qa36-pk-CONTENT_trunk,
2023-10-09 02:53:48,qa36,pt,trunk,2023-08-21 04:25,SUCCESS,422040801,deploy-qa36-pt-CONTENT_trunk,
2023-10-07 20:39:59,qa36,rj,trunk,2023-08-22 05:49,SUCCESS,422090637,deploy-qa36-rj-CONTENT_trunk,,uat1,uat1
2023-10-09 02:53:49,qa36,we,trunk,2023-10-02 08:36,SUCCESS,421071600,deploy-qa36-we-CONTENT_trunk,
2023-10-09 02:53:50,qa36,ws,trunk,2023-08-21 03:33,SUCCESS,422090906,deploy-qa36-ws-CONTENT_trunk,
2023-10-09 02:53:56,qa37,mg,release-23.16,2023-10-08 03:54,FAILURE,323041901,deploy-qa37-mg-CONTENT_release-23.16,
2023-10-09 02:53:57,qa37,pb,release-23.16,2023-10-08 03:22,SUCCESS,,deploy-qa37-pb-CONTENT_release-23.16,
2023-10-09 02:53:59,qa37,pk,release-23.16,2023-10-08 02:56,SUCCESS,420050428,deploy-qa37-pk-CONTENT_release-23.16,
2023-10-09 02:54:01,qa37,pt,release-23.16,2023-10-08 02:55,SUCCESS,323082331,deploy-qa37-pt-CONTENT_release-23.16,
2023-10-09 02:54:02,qa37,we,release-23.16,2023-10-08 02:56,SUCCESS,323100341,deploy-qa37-we-CONTENT_release-23.16,
2023-10-09 02:54:04,qa37,ws,release-23.16,2023-10-08 02:57,SUCCESS,323042124,deploy-qa37-ws-CONTENT_release-23.16,
2023-10-09 02:54:10,qa38,mg,release-23.16,2023-10-08 12:50,FAILURE,423031403,deploy-qa38-mg-CONTENT_release-23.16,
2023-10-09 02:54:11,qa38,pb,release-23.16,2023-10-08 12:51,FAILURE,322081728,deploy-qa38-pb-CONTENT_release-23.16,
2023-10-09 02:54:12,qa38,pk,release-23.16,2023-10-08 12:51,FAILURE,323042507,deploy-qa38-pk-CONTENT_release-23.16,
2023-10-09 02:54:14,qa38,pt,release-23.16,Undeployed,,322091700,deploy-qa38-pt-CONTENT_release-23.16,
2023-10-09 02:54:15,qa38,we,release-23.16,2023-10-08 12:52,FAILURE,321121426,deploy-qa38-we-CONTENT_release-23.16,
2023-10-09 02:54:16,qa38,ws,release-23.16,2023-10-08 12:51,FAILURE,421120830,deploy-qa38-ws-CONTENT_release-23.16,
2023-10-09 02:54:21,qa39,mg,split-pip-wrk-230718,2023-09-25 10:22,SUCCESS,,deploy-qa39-mg-CONTENT_split-pip-wrk-230718,
2023-10-09 02:54:32,qa39,pb,split-pip-wrk-230718,2023-09-25 10:22,SUCCESS,,deploy-qa39-pb-CONTENT_split-pip-wrk-230718,
2023-10-09 02:55:19,qa39,pk,split-pip-wrk-230718,2023-09-25 10:22,SUCCESS,,deploy-qa39-pk-CONTENT_split-pip-wrk-230718,
2023-10-09 02:56:06,qa39,pt,split-pip-wrk-230718,2023-09-25 10:22,SUCCESS,,deploy-qa39-pt-CONTENT_split-pip-wrk-230718,
2023-10-09 02:56:47,qa39,we,split-pip-wrk-230718,2023-09-25 10:22,SUCCESS,,deploy-qa39-we-CONTENT_split-pip-wrk-230718,
2023-10-09 02:57:34,qa39,ws,split-pip-wrk-230718,2023-09-25 10:22,SUCCESS,,deploy-qa39-ws-CONTENT_split-pip-wrk-230718,
2023-10-08 23:52:42,qa4,mg,trunk,2023-10-05 05:49,SUCCESS,323020921,deploy-qa4-mg-CONTENT_trunk,,uat1,uat1,prdrk uat1 ,
2023-10-08 23:52:48,qa4,pb,trunk,2023-08-08 05:59,SUCCESS,,deploy-qa4-pb-CONTENT_trunk,,uat1,uat1,prdrk uat1 ,
2023-10-08 23:52:54,qa4,pk,trunk,2023-10-06 12:08,SUCCESS,323020833,deploy-qa4-pk-CONTENT_trunk,,uat1,uat1,prdrk uat1 ,
2023-10-08 23:53:01,qa4,pt,shasta-b2b-consolidation-wrk-211119,2023-07-12 08:47,SUCCESS,,deploy-qa4-pt-CONTENT_shasta-b2b-consolidation-wrk-211119,,uat1,uat1,prdrk uat1 ,
2023-10-08 23:53:07,qa4,we,trunk,2022-11-23 10:24,SUCCESS,421071600,deploy-qa4-we-CONTENT_trunk,,uat1,uat1,prdrk uat1 ,
2023-10-08 23:53:14,qa4,ws,trunk,2022-11-23 09:54,SUCCESS,323020838,deploy-qa4-ws-CONTENT_trunk,,uat1,uat1,prdrk uat1 ,
2023-10-09 00:04:59,qa40,mg,trunk,2023-10-05 05:14,SUCCESS,420021049,deploy-qa40-mg-CONTENT_trunk,,uat1,uat1,,
2023-10-09 00:05:06,qa40,pb,trunk,2023-10-07 10:34,SUCCESS,,deploy-qa40-pb-CONTENT_trunk,,uat1,uat1,,
2023-10-09 00:05:57,qa40,pk,trunk,2023-07-18 10:59,SUCCESS,323010930,deploy-qa40-pk-CONTENT_trunk,,uat1,uat1,,
2023-10-09 00:06:05,qa40,pt,trunk,2023-07-18 10:59,SUCCESS,422040801,deploy-qa40-pt-CONTENT_trunk,,uat1,uat1,,
2023-10-09 00:06:12,qa40,we,trunk,2023-08-21 04:26,SUCCESS,323031419,deploy-qa40-we-CONTENT_trunk,,uat1,uat1,,
2023-10-09 00:06:21,qa40,ws,trunk,2023-07-18 10:59,SUCCESS,323010930,deploy-qa40-ws-CONTENT_trunk,,uat1,uat1,,
2023-10-09 00:06:41,qa41,mg,release-23.16,2023-10-04 06:28,SUCCESS,422091302,deploy-qa41-mg-CONTENT_release-23.16,,uat1,uat1,uat1 ,
2023-10-09 00:06:47,qa41,pb,release-23.16,2023-10-04 06:28,SUCCESS,323092209,deploy-qa41-pb-CONTENT_release-23.16,,uat1,uat1,uat1 ,
2023-10-09 00:06:53,qa41,pk,release-23.16,2023-10-04 06:28,SUCCESS,323100324,deploy-qa41-pk-CONTENT_release-23.16,,uat1,uat1,uat1 ,
2023-10-09 00:06:59,qa41,pt,release-23.16,2023-10-04 06:28,SUCCESS,,deploy-qa41-pt-CONTENT_release-23.16,,uat1,uat1,uat1 ,
2023-10-09 00:07:52,qa41,we,release-23.16,2023-10-04 06:28,SUCCESS,423031400,deploy-qa41-we-CONTENT_release-23.16,,uat1,uat1,uat1 ,
2023-10-09 00:07:58,qa41,ws,release-23.16,2023-10-04 06:28,SUCCESS,323042124,deploy-qa41-ws-CONTENT_release-23.16,,uat1,uat1,uat1 ,
2023-10-09 00:08:15,qa42,mg,hotfix-2306-wrk-230420,2023-10-05 05:31,SUCCESS,,deploy-qa42-mg-CONTENT_hotfix-2306-wrk-230420,,uat1,uat1,uat1 ,
2023-10-09 00:08:22,qa42,pb,shasta-wrk-230404,2023-07-21 11:17,SUCCESS,,deploy-qa42-pb-CONTENT_shasta-wrk-230404,,uat1,uat1,uat1 ,
2023-10-09 00:08:29,qa42,pk,rimo-wrk-230411,2023-10-06 12:06,SUCCESS,322042737,deploy-qa42-pk-CONTENT_rimo-wrk-230411,,uat1,uat1,uat1 ,
2023-10-09 00:08:37,qa42,pt,hotfix-2306-wrk-230420,2023-07-21 11:16,SUCCESS,422040801,deploy-qa42-pt-CONTENT_hotfix-2306-wrk-230420,,uat1,uat1,uat1 ,
2023-10-09 00:08:44,qa42,rj,hotfix-2306-wrk-230420,2023-07-21 11:17,SUCCESS,,deploy-qa42-rj-CONTENT_hotfix-2306-wrk-230420,,uat1,uat1
2023-10-09 00:08:50,qa42,we,shasta-wrk-230721,2023-10-05 03:32,SUCCESS,421071600,deploy-qa42-we-CONTENT_shasta-wrk-230721,,uat1,uat1,uat1 ,
2023-10-09 00:09:09,qa42,ws,shasta-wrk-230721,2023-10-04 04:37,SUCCESS,,deploy-qa42-ws-CONTENT_shasta-wrk-230721,,uat1,uat1,uat1 ,
2023-10-09 00:10:11,qa43,mg,release-23.12,2023-10-05 05:47,SUCCESS,421063020,deploy-qa43-mg-CONTENT_release-23.12,,uat1,uat1,qa3 ,
2023-10-09 00:10:18,qa43,pb,release-23.12,2023-10-05 06:15,SUCCESS,323060811,deploy-qa43-pb-CONTENT_release-23.12,,uat1,uat1,qa3 ,
2023-10-09 00:10:24,qa43,pk,release-23.12,2023-08-31 05:50,SUCCESS,,deploy-qa43-pk-CONTENT_release-23.12,,uat1,uat1,qa3 ,
2023-10-09 00:11:04,qa43,pt,release-23.12,2023-08-10 01:54,SUCCESS,423031408,deploy-qa43-pt-CONTENT_release-23.12,,uat1,uat1,qa3 ,
2023-10-09 00:11:11,qa43,we,release-23.12,2023-10-05 04:00,SUCCESS,,deploy-qa43-we-CONTENT_release-23.12,,uat1,uat1,qa3 ,
2023-10-09 00:12:02,qa43,ws,release-23.14,2023-08-10 01:49,SUCCESS,323042124,deploy-qa43-ws-CONTENT_release-23.14,,uat1,uat1,qa3 ,
2023-10-09 00:12:22,qa44,mg,trunk,2023-10-08 12:47,SUCCESS,422091302,deploy-qa44-mg-CONTENT_trunk,H 12 * * *,uat1,uat1,uat1 ,
2023-10-09 00:12:28,qa44,pb,trunk,2023-10-08 12:09,SUCCESS,322100504,deploy-qa44-pb-CONTENT_trunk,H 12 * * *,uat1,uat1,uat1 ,
2023-10-09 00:12:37,qa44,pk,trunk,2023-10-08 12:41,SUCCESS,421061011,deploy-qa44-pk-CONTENT_trunk,H 12 * * *,uat1,uat1,uat1 ,
2023-10-09 00:12:45,qa44,pt,trunk,2023-10-08 12:44,SUCCESS,421070117,deploy-qa44-pt-CONTENT_trunk,H 12 * * *,uat1,uat1,uat1 ,
2023-10-09 00:12:51,qa44,we,trunk,2023-10-08 12:52,SUCCESS,322100525,deploy-qa44-we-CONTENT_trunk,H 12 * * *,uat1,uat1,uat1 ,
2023-10-09 00:12:59,qa44,ws,trunk,2023-10-08 12:08,SUCCESS,422090906,deploy-qa44-ws-CONTENT_trunk,H 12 * * *,uat1,uat1,uat1 ,
2023-10-09 00:13:20,qa45,mg,kedarnath-wrk-221129,2023-10-05 05:01,SUCCESS,422091302,deploy-qa45-mg-CONTENT_kedarnath-wrk-221129,,uat1,uat1,uat1 ,
2023-10-09 00:13:25,qa45,pb,kedarnath-wrk-221129,2023-10-05 11:54,SUCCESS,,deploy-qa45-pb-CONTENT_kedarnath-wrk-221129,,uat1,uat1,uat1 ,
2023-10-09 00:13:44,qa45,pk,kedarnath-wrk-221129,2023-07-18 02:47,SUCCESS,421061011,deploy-qa45-pk-CONTENT_kedarnath-wrk-221129,,uat1,uat1,uat1 ,
2023-10-09 00:13:52,qa45,pt,kedarnath-wrk-221129,2023-08-21 04:26,SUCCESS,422040801,deploy-qa45-pt-CONTENT_kedarnath-wrk-221129,,uat1,uat1,uat1 ,
2023-10-09 00:13:58,qa45,we,kedarnath-wrk-221129,2023-07-18 02:47,SUCCESS,322101107,deploy-qa45-we-CONTENT_kedarnath-wrk-221129,,uat1,uat1,uat1 ,
2023-10-09 00:14:08,qa45,ws,kedarnath-wrk-221129,2023-07-18 02:47,SUCCESS,422090906,deploy-qa45-ws-CONTENT_kedarnath-wrk-221129,,uat1,uat1,uat1 ,
2023-10-09 00:01:48,qa46,mg,release-23.06,2023-10-05 05:29,SUCCESS,423031403,deploy-qa46-mg-CONTENT_release-23.06,,uat1,uat1,qa3 ,
2023-10-09 00:01:54,qa46,pb,release-23.06,2023-10-05 06:15,SUCCESS,423031715,deploy-qa46-pb-CONTENT_release-23.06,,uat1,uat1,qa3 ,
2023-10-09 00:02:01,qa46,pk,release-23.06,2023-10-06 12:07,SUCCESS,323020833,deploy-qa46-pk-CONTENT_release-23.06,,uat1,uat1,qa3 ,
2023-10-09 00:02:07,qa46,pt,release-23.06,2023-07-04 03:41,SUCCESS,423031408,deploy-qa46-pt-CONTENT_release-23.06,,uat1,uat1,qa3 ,
2023-10-09 00:02:13,qa46,we,release-23.06,Undeployed,,423031400,deploy-qa46-we-CONTENT_release-23.06,,uat1,uat1,qa3 ,
2023-10-09 00:02:19,qa46,ws,release-23.06,2023-05-02 08:51,SUCCESS,423031711,deploy-qa46-ws-CONTENT_release-23.06,,uat1,uat1,qa3 ,
2023-10-09 00:02:29,qa47,gr,release-23.16,2023-10-05 12:12,FAILURE,,deploy-qa47-gr-CONTENT_release-23.16,,uat1,uat1,uat1 ,
2023-10-09 00:02:35,qa47,mg,release-23.16,2023-10-05 12:14,FAILURE,423031403,deploy-qa47-mg-CONTENT_release-23.16,,ca-rgs1,cargs,ca-uat1 ,
2023-10-09 00:02:42,qa47,pb,release-23.16,2023-10-05 11:17,SUCCESS,322081728,deploy-qa47-pb-CONTENT_release-23.16,,ca-rgs1,cargs,ca-uat1 ,
2023-10-09 00:02:48,qa47,pk,release-23.16,2023-10-05 11:16,SUCCESS,321120731,deploy-qa47-pk-CONTENT_release-23.16,,ca-rgs1,cargs,ca-uat1 ,
2023-10-09 00:02:55,qa47,pt,release-23.16,2023-10-05 11:18,SUCCESS,322091700,deploy-qa47-pt-CONTENT_release-23.16,,ca-rgs1,cargs,ca-uat1 ,
2023-10-09 00:03:01,qa47,rj,release-23.16,2023-10-05 12:27,FAILURE,,deploy-qa47-rj-CONTENT_release-23.16,,uat3,uat1,uat1 ,
2023-10-09 00:03:07,qa47,we,release-23.16,2023-10-05 11:19,SUCCESS,322061702,deploy-qa47-we-CONTENT_release-23.16,,ca-rgs1,cargs,ca-uat1 ,
2023-10-09 00:03:12,qa47,ws,release-23.16,2023-10-05 12:15,SUCCESS,322080157,deploy-qa47-ws-CONTENT_release-23.16,,ca-rgs1,cargs,ca-uat1 ,
2023-10-09 00:03:19,qa49,mg,release-23.18,2023-10-05 10:53,SUCCESS,422091302,deploy-qa49-mg-CONTENT_release-23.18,,uat1,uat1,uat1 ,
2023-10-09 00:03:26,qa49,pb,release-23.18,2023-10-05 06:17,SUCCESS,,deploy-qa49-pb-CONTENT_release-23.18,,uat1,uat1,uat1 ,
2023-10-09 00:04:17,qa49,pk,release-23.18,2023-10-06 12:07,SUCCESS,323050223,deploy-qa49-pk-CONTENT_release-23.18,,uat1,uat1,uat1 ,
2023-10-09 00:04:23,qa49,pt,release-23.18,2023-10-06 05:37,SUCCESS,423031408,deploy-qa49-pt-CONTENT_release-23.18,,uat1,uat1,uat1 ,
2023-10-09 00:04:29,qa49,rj,release-23.18,2023-10-05 10:53,SUCCESS,323100218,deploy-qa49-rj-CONTENT_release-23.18,,uat1,uat1,uat1 ,
2023-10-09 00:04:35,qa49,we,release-23.18,2023-10-05 10:53,SUCCESS,421071600,deploy-qa49-we-CONTENT_release-23.18,,uat1,uat1,uat1 ,
2023-10-09 00:04:42,qa49,ws,release-23.18,2023-10-06 05:32,SUCCESS,,deploy-qa49-ws-CONTENT_release-23.18,,uat1,uat1,uat1 ,
2023-10-09 00:25:04,qa5,mg,release-23.16,2023-10-05 06:00,SUCCESS,422091302,deploy-qa5-mg-CONTENT_release-23.16,
2023-10-09 00:25:06,qa5,pb,release-23.16,2023-09-27 11:02,FAILURE,,deploy-qa5-pb-CONTENT_release-23.16,
2023-10-09 00:25:07,qa5,pk,release-23.16,2023-10-06 01:16,SUCCESS,423080912,deploy-qa5-pk-CONTENT_release-23.16,
2023-10-09 00:25:08,qa5,pt,release-23.16,2023-09-27 10:03,SUCCESS,421060910,deploy-qa5-pt-CONTENT_release-23.16,
2023-10-09 00:25:09,qa5,we,release-23.16,2023-09-27 11:03,FAILURE,323081706,deploy-qa5-we-CONTENT_release-23.16,
2023-10-09 00:25:11,qa5,ws,release-23.16,2023-09-27 10:03,SUCCESS,422021200,deploy-qa5-ws-CONTENT_release-23.16,
2023-10-09 00:25:16,qa51,mg,release-23.16,2023-09-22 06:34,SUCCESS,323080440,deploy-qa51-mg-CONTENT_release-23.16,
2023-10-09 00:25:17,qa51,pb,release-23.16,2023-10-05 05:38,SUCCESS,,deploy-qa51-pb-CONTENT_release-23.16,
2023-10-09 00:25:19,qa51,pk,release-23.16,2023-10-06 01:16,SUCCESS,323080335,deploy-qa51-pk-CONTENT_release-23.16,
2023-10-09 00:25:20,qa51,pt,release-23.16,2023-09-22 06:45,SUCCESS,323080339,deploy-qa51-pt-CONTENT_release-23.16,
2023-10-09 00:25:21,qa51,we,release-23.16,2023-09-22 05:40,SUCCESS,323091417,deploy-qa51-we-CONTENT_release-23.16,
2023-10-09 00:25:22,qa51,ws,release-23.16,2023-09-22 06:41,SUCCESS,323080341,deploy-qa51-ws-CONTENT_release-23.16,
2023-10-09 00:25:31,qa52,mg,release-23.04,2023-10-05 06:34,SUCCESS,322020800,deploy-qa52-mg-CONTENT_release-23.04,
2023-10-09 00:25:32,qa52,pb,release-23.04,2023-10-06 12:00,SUCCESS,323022705,deploy-qa52-pb-CONTENT_release-23.04,
2023-10-09 00:25:34,qa52,pk,release-23.04,2023-10-06 06:21,ABORTED,322090815,deploy-qa52-pk-CONTENT_release-23.04,
2023-10-09 00:25:35,qa52,pt,release-23.04,2023-05-09 09:10,SUCCESS,422040801,deploy-qa52-pt-CONTENT_release-23.04,
2023-10-09 00:25:36,qa52,we,release-23.04,2023-04-22 02:11,SUCCESS,323031430,deploy-qa52-we-CONTENT_release-23.04,
2023-10-09 00:25:37,qa52,ws,release-23.04,2023-04-25 05:18,SUCCESS,322042234,deploy-qa52-ws-CONTENT_release-23.04,
2023-10-09 00:25:42,qa53,mg,release-23.04,2023-10-05 06:21,SUCCESS,322101119,deploy-qa53-mg-CONTENT_release-23.04,
2023-10-09 00:25:44,qa53,pb,release-23.04,2023-10-05 06:15,SUCCESS,323071901,deploy-qa53-pb-CONTENT_release-23.04,
2023-10-09 00:25:45,qa53,pk,release-23.04,2023-10-06 08:14,SUCCESS,322101105,deploy-qa53-pk-CONTENT_release-23.04,
2023-10-09 00:25:46,qa53,pt,release-23.04,2023-08-18 02:52,FAILURE,,deploy-qa53-pt-CONTENT_release-23.04,
2023-10-09 00:25:48,qa53,we,release-23.04,2023-08-18 01:47,SUCCESS,323031430,deploy-qa53-we-CONTENT_release-23.04,
2023-10-09 00:25:49,qa53,ws,release-23.04,2023-08-18 01:47,SUCCESS,322101042,deploy-qa53-ws-CONTENT_release-23.04,
2023-10-09 00:25:54,qa54,mg,release-23.16,2023-09-27 04:23,SUCCESS,423070300,deploy-qa54-mg-CONTENT_release-23.16,
2023-10-09 00:25:55,qa54,pb,release-23.16,2023-09-21 01:37,FAILURE,323062719,deploy-qa54-pb-CONTENT_release-23.16,
2023-10-09 00:25:56,qa54,pk,release-23.16,2023-10-06 12:57,FAILURE,323060102,deploy-qa54-pk-CONTENT_release-23.16,
2023-10-09 00:25:58,qa54,pt,release-23.16,2023-09-26 06:41,SUCCESS,,deploy-qa54-pt-CONTENT_release-23.16,
2023-10-08 17:30:29,qa54,rj,release-23.16,2023-09-26 06:40,SUCCESS,323062221,deploy-qa54-rj-CONTENT_release-23.16,,ca-rgs1,cargs,ca-uat1 ,
2023-10-09 00:25:59,qa54,we,release-23.16,2023-09-06 12:41,SUCCESS,323073129,deploy-qa54-we-CONTENT_release-23.16,
2023-10-09 00:26:00,qa54,ws,release-23.16,2023-09-23 05:44,FAILURE,323060524,deploy-qa54-ws-CONTENT_release-23.16,
2023-10-09 00:26:05,qa55,mg,trunk,2023-10-05 06:09,SUCCESS,,deploy-qa55-mg-CONTENT_trunk,
2023-10-09 00:26:06,qa55,pb,trunk,2023-08-18 10:01,SUCCESS,,deploy-qa55-pb-CONTENT_trunk,
2023-10-09 00:26:08,qa55,pk,trunk,2023-10-06 12:13,SUCCESS,423031406,deploy-qa55-pk-CONTENT_trunk,
2023-10-09 00:26:09,qa55,pt,trunk,2023-08-18 10:01,SUCCESS,423031408,deploy-qa55-pt-CONTENT_trunk,
2023-10-09 00:26:10,qa55,we,trunk,2023-08-18 10:01,SUCCESS,423031400,deploy-qa55-we-CONTENT_trunk,
2023-10-09 00:26:11,qa55,ws,trunk,2023-08-18 10:01,SUCCESS,423031711,deploy-qa55-ws-CONTENT_trunk,
2023-10-09 00:26:16,qa56,mg,release-23.16,2023-10-08 06:27,SUCCESS,322091632,deploy-qa56-mg-CONTENT_release-23.16,
2023-10-09 00:26:17,qa56,pb,release-23.16,2023-10-08 06:28,SUCCESS,321121022,deploy-qa56-pb-CONTENT_release-23.16,
2023-10-09 00:26:19,qa56,pk,release-23.16,2023-10-08 06:27,SUCCESS,421061011,deploy-qa56-pk-CONTENT_release-23.16,
2023-10-09 00:26:20,qa56,pt,release-23.16,2023-10-08 06:27,SUCCESS,422040801,deploy-qa56-pt-CONTENT_release-23.16,
2023-10-08 21:15:05,qa56,rj,release-23.16,2023-10-08 06:27,SUCCESS,323022103,deploy-qa56-rj-CONTENT_release-23.16,,uat1,uat1
2023-10-09 00:26:21,qa56,we,release-23.16,2023-10-08 06:27,SUCCESS,321120623,deploy-qa56-we-CONTENT_release-23.16,
2023-10-09 00:26:22,qa56,ws,release-23.16,2023-10-08 06:29,SUCCESS,321120961,deploy-qa56-ws-CONTENT_release-23.16,
2023-10-09 00:26:27,qa57,mg,release-23.16,2023-10-05 05:51,SUCCESS,323020921,deploy-qa57-mg-CONTENT_release-23.16,
2023-10-09 00:26:28,qa57,pb,release-23.16,2023-10-05 06:17,SUCCESS,323091107,deploy-qa57-pb-CONTENT_release-23.16,
2023-10-09 00:26:30,qa57,pk,release-23.16,2023-10-06 12:14,SUCCESS,323020833,deploy-qa57-pk-CONTENT_release-23.16,
2023-10-09 00:26:31,qa57,pt,release-23.16,2023-09-27 10:07,SUCCESS,422040801,deploy-qa57-pt-CONTENT_release-23.16,
2023-10-09 00:26:32,qa57,we,release-23.16,2023-09-06 11:03,SUCCESS,323090523,deploy-qa57-we-CONTENT_release-23.16,
2023-10-09 00:26:33,qa57,ws,release-23.16,2023-09-27 10:09,SUCCESS,323100427,deploy-qa57-ws-CONTENT_release-23.16,
2023-10-08 06:23:45,qa6,mg,release-23.08,2023-10-05 04:58,SUCCESS,422091302,deploy-qa6-mg-CONTENT_release-23.08,
2023-10-08 06:23:47,qa6,pb,release-23.08,2023-07-04 02:44,SUCCESS,,deploy-qa6-pb-CONTENT_release-23.08,
2023-10-08 06:23:48,qa6,pk,release-23.08,2023-10-06 12:14,SUCCESS,423031406,deploy-qa6-pk-CONTENT_release-23.08,
2023-10-08 06:23:50,qa6,pt,release-23.08,Undeployed,,422040801,deploy-qa6-pt-CONTENT_release-23.08,
2023-10-08 06:23:51,qa6,we,release-23.08,2023-06-05 09:41,SUCCESS,421071600,deploy-qa6-we-CONTENT_release-23.08,
2023-10-08 06:23:53,qa6,ws,release-23.08,2023-06-13 03:04,SUCCESS,422090906,deploy-qa6-ws-CONTENT_release-23.08,
2023-10-08 21:11:06,qa7,gr,release-23.16,2023-10-05 10:07,SUCCESS,,deploy-qa7-gr-CONTENT_release-23.16,,uat3,uat1,qa3 uat1 ,
2023-10-09 03:14:30,qa7,mg,release-23.16,2023-10-05 11:49,SUCCESS,323092549,deploy-qa7-mg-CONTENT_release-23.16,
2023-10-09 03:14:31,qa7,pb,release-23.16,2023-10-06 09:30,SUCCESS,323060811,deploy-qa7-pb-CONTENT_release-23.16,
2023-10-09 03:14:32,qa7,pk,release-23.16,2023-10-06 05:45,SUCCESS,323092569,deploy-qa7-pk-CONTENT_release-23.16,
2023-10-09 03:14:33,qa7,pt,release-23.16,2023-10-02 07:56,SUCCESS,323092742,deploy-qa7-pt-CONTENT_release-23.16,
2023-10-08 21:11:36,qa7,rj,release-23.16,2023-10-05 10:05,SUCCESS,323100218,deploy-qa7-rj-CONTENT_release-23.16,,uat1,uat1,qa3 uat1 ,
2023-10-09 03:14:35,qa7,we,release-23.16,2023-10-02 08:00,SUCCESS,323092724,deploy-qa7-we-CONTENT_release-23.16,
2023-10-09 03:14:36,qa7,ws,release-23.16,2023-10-02 08:27,SUCCESS,323092230,deploy-qa7-ws-CONTENT_release-23.16,
2023-10-08 12:44:51,qa8,mg,tigris-wrk-230228,2023-10-05 05:52,SUCCESS,323051807,deploy-qa8-mg-CONTENT_tigris-wrk-230228,
2023-10-08 12:44:52,qa8,pb,tigris-wrk-230228,2023-10-05 06:26,SUCCESS,323071404,deploy-qa8-pb-CONTENT_tigris-wrk-230228,
2023-10-08 12:44:54,qa8,pk,tigris-wrk-230228,2023-08-22 06:38,SUCCESS,323020833,deploy-qa8-pk-CONTENT_tigris-wrk-230228,
2023-10-08 12:44:55,qa8,pt,tigris-wrk-230228,2023-08-22 06:38,SUCCESS,323020832,deploy-qa8-pt-CONTENT_tigris-wrk-230228,
2023-09-29 12:44:35,qa8,rj,tigris-wrk-230228,2023-08-22 06:38,SUCCESS,323042750,deploy-qa8-rj-CONTENT_tigris-wrk-230228,,uat1,uat1,prdrk ,
2023-10-08 12:44:57,qa8,we,tigris-wrk-230228,2023-09-21 09:57,SUCCESS,323052604,deploy-qa8-we-CONTENT_tigris-wrk-230228,
2023-10-08 12:44:58,qa8,ws,tigris-wrk-230228,2023-08-22 06:38,SUCCESS,323020838,deploy-qa8-ws-CONTENT_tigris-wrk-230228,
2023-10-09 00:57:08,qa9,mg,trunk,2023-10-05 06:19,SUCCESS,323020921,deploy-qa9-mg-CONTENT_trunk,
2023-10-09 00:57:09,qa9,pb,trunk,2023-10-06 01:42,FAILURE,421081700,deploy-qa9-pb-CONTENT_trunk,
2023-10-09 00:57:10,qa9,pk,trunk,2023-10-06 01:47,FAILURE,421090818,deploy-qa9-pk-CONTENT_trunk,
2023-10-09 00:57:12,qa9,pt,trunk,2023-06-22 07:19,SUCCESS,421070117,deploy-qa9-pt-CONTENT_trunk,
2023-10-09 00:57:13,qa9,we,trunk,2023-06-22 07:19,SUCCESS,421083105,deploy-qa9-we-CONTENT_trunk,
2023-10-09 00:57:14,qa9,ws,trunk,2023-06-22 07:21,SUCCESS,421080914,deploy-qa9-ws-CONTENT_trunk,
2023-10-08 18:05:54,qa99,gr,release-23.12,2023-10-06 09:33,SUCCESS,,deploy-qa99-gr-CONTENT_release-23.12,,uat3,uat1,qa3 ,
2023-10-08 18:06:01,qa99,rj,release-23.12,2023-09-20 04:26,SUCCESS,,deploy-qa99-rj-CONTENT_release-23.12,,uat1,uat1,qa3 ,
2023-10-08 20:13:45,rgs1,gr,release-23.18,2023-10-08 04:43,SUCCESS,323051809,deploy-rgs1-gr-CONTENT_release-23.18,,uat3,uat1,prdrk ,rgs
2023-10-09 02:29:40,rgs1,mg,release-23.18,2023-10-08 04:43,SUCCESS,422091302,deploy-rgs1-mg-CONTENT_release-23.18,
2023-10-09 02:29:41,rgs1,pb,release-23.18,2023-10-08 04:43,SUCCESS,323092906,deploy-rgs1-pb-CONTENT_release-23.18,
2023-10-09 02:29:43,rgs1,pk,release-23.18,2023-10-08 04:43,SUCCESS,423082500,deploy-rgs1-pk-CONTENT_release-23.18,
2023-10-09 02:29:44,rgs1,pt,release-23.18,2023-10-08 04:43,SUCCESS,423031408,deploy-rgs1-pt-CONTENT_release-23.18,
2023-10-08 20:14:16,rgs1,rj,release-23.18,2023-10-08 04:43,SUCCESS,323092645,deploy-rgs1-rj-CONTENT_release-23.18,,uat1,uat1,prdrk ,
2023-10-09 02:29:46,rgs1,we,release-23.18,2023-10-08 04:43,SUCCESS,323082302,deploy-rgs1-we-CONTENT_release-23.18,
2023-10-09 02:29:47,rgs1,ws,release-23.18,2023-10-08 04:43,SUCCESS,323042124,deploy-rgs1-ws-CONTENT_release-23.18,
2023-10-09 02:29:53,rgs2,mg,release-23.16,Undeployed,,,deploy-rgs2-mg-CONTENT_release-23.16,
2023-10-09 02:29:54,rgs2,pb,release-23.16,2023-10-08 10:49,SUCCESS,421081700,deploy-rgs2-pb-CONTENT_release-23.16,
2023-10-09 02:29:55,rgs2,pk,release-23.16,2023-09-19 08:24,SUCCESS,321122324,deploy-rgs2-pk-CONTENT_release-23.16,
2023-10-09 02:29:57,rgs2,pt,release-23.16,2023-09-19 08:15,SUCCESS,322091700,deploy-rgs2-pt-CONTENT_release-23.16,
2023-10-09 02:29:58,rgs2,we,release-23.16,2023-09-19 02:51,SUCCESS,323031016,deploy-rgs2-we-CONTENT_release-23.16,
2023-10-09 02:30:00,rgs2,ws,release-23.16,2023-09-19 08:15,SUCCESS,322062601,deploy-rgs2-ws-CONTENT_release-23.16,
2023-10-08 21:25:34,uat1,gr,release-23.16,2023-09-26 07:27,SUCCESS,323100626,deploy-uat1-gr-CONTENT_release-23.16,,prod,uat1,prdrk ,caqa
2023-10-08 21:25:40,uat1,mg,release-23.16,2023-10-03 05:01,SUCCESS,323100622,deploy-uat1-mg-CONTENT_release-23.16,,prod,uat1,prdrk ,
2023-10-08 21:25:46,uat1,pb,release-23.16,2023-09-26 07:27,SUCCESS,323100606,deploy-uat1-pb-CONTENT_release-23.16,,prod,uat1,prdrk ,
2023-10-08 21:25:54,uat1,pk,release-23.16,2023-09-26 07:27,SUCCESS,323100628,deploy-uat1-pk-CONTENT_release-23.16,,prod,uat1,prdrk ,
2023-10-08 21:26:00,uat1,pt,release-23.16,2023-09-26 09:31,SUCCESS,323100633,deploy-uat1-pt-CONTENT_release-23.16,,prod,uat1,prdrk ,
2023-10-08 21:26:07,uat1,rj,release-23.16,2023-09-26 07:27,SUCCESS,323091427,deploy-uat1-rj-CONTENT_release-23.16,,prod,uat1,prdrk ,
2023-10-08 21:26:13,uat1,we,release-23.16,2023-10-04 01:55,SUCCESS,323100529,deploy-uat1-we-CONTENT_release-23.16,,prod,uat1,prdrk ,
2023-10-08 21:26:20,uat1,ws,release-23.16,2023-09-26 07:28,SUCCESS,323100634,deploy-uat1-ws-CONTENT_release-23.16,,prod,uat1,prdrk ,
2023-10-08 12:58:54,uat2,mg,release-23.16,2023-09-21 08:12,SUCCESS,323100622,deploy-uat2-mg-CONTENT_release-23.16,
2023-10-08 12:58:56,uat2,pb,release-23.16,2023-09-21 08:29,SUCCESS,323100703,deploy-uat2-pb-CONTENT_release-23.16,
2023-10-08 12:58:57,uat2,pk,release-23.16,2023-09-26 06:05,SUCCESS,323100628,deploy-uat2-pk-CONTENT_release-23.16,
2023-10-08 12:59:00,uat2,pt,release-23.16,2023-09-30 04:50,SUCCESS,323100631,deploy-uat2-pt-CONTENT_release-23.16,
2023-10-02 21:02:39,uat2,rj,release-23.16,2023-09-21 08:30,SUCCESS,323092564,deploy-uat2-rj-CONTENT_release-23.16,,prod,uat1,prdrk ,
2023-10-08 12:59:03,uat2,we,release-23.16,2023-09-21 08:44,SUCCESS,323100611,deploy-uat2-we-CONTENT_release-23.16,
2023-10-08 12:59:06,uat2,ws,release-23.16,2023-09-21 08:23,SUCCESS,323100363,deploy-uat2-ws-CONTENT_release-23.16,
2023-10-04 01:45:57,uat3,gr,release-23.18,2023-10-03 08:12,SUCCESS,,deploy-uat3-gr-CONTENT_release-23.18,,prod,uat1,prdrk ,caqa
2023-10-08 12:59:13,uat3,mg,release-23.18,2023-10-05 08:13,SUCCESS,323100622,deploy-uat3-mg-CONTENT_release-23.18,
2023-10-08 12:59:15,uat3,pb,release-23.18,2023-10-05 08:13,SUCCESS,323100700,deploy-uat3-pb-CONTENT_release-23.18,
2023-10-08 12:59:18,uat3,pk,release-23.18,2023-10-06 03:10,SUCCESS,323100324,deploy-uat3-pk-CONTENT_release-23.18,
2023-10-08 12:59:21,uat3,pt,release-23.18,2023-10-05 08:29,SUCCESS,323100633,deploy-uat3-pt-CONTENT_release-23.18,
2023-10-04 01:49:31,uat3,rj,release-23.18,2023-10-03 08:13,SUCCESS,,deploy-uat3-rj-CONTENT_release-23.18,,prod,uat1,prdrk ,
2023-10-08 12:59:23,uat3,we,release-23.18,2023-10-05 08:14,SUCCESS,323100611,deploy-uat3-we-CONTENT_release-23.18,
2023-10-08 12:59:25,uat3,ws,release-23.18,2023-10-05 08:24,SUCCESS,323100427,deploy-uat3-ws-CONTENT_release-23.18,
2023-10-08 12:59:33,uat4,mg,hotfix-2316-wrk230922,2023-09-27 10:27,SUCCESS,323020921,deploy-uat4-mg-CONTENT_hotfix-2316-wrk230922,
2023-10-08 12:59:35,uat4,pb,hotfix-2316-wrk230922,2023-10-05 11:58,SUCCESS,323042604,deploy-uat4-pb-CONTENT_hotfix-2316-wrk230922,
2023-10-08 12:59:38,uat4,pk,hotfix-2316-wrk230922,2023-09-27 02:56,SUCCESS,323020833,deploy-uat4-pk-CONTENT_hotfix-2316-wrk230922,
2023-10-08 12:59:40,uat4,pt,hotfix-2316-wrk230922,2023-09-29 02:55,FAILURE,323020832,deploy-uat4-pt-CONTENT_hotfix-2316-wrk230922,
2023-10-03 08:46:14,uat4,rj,hotfix-2316-wrk230922,2023-09-27 01:25,SUCCESS,323071337,deploy-uat4-rj-CONTENT_hotfix-2316-wrk230922,,prod,uat1,prdrk ,
2023-10-08 12:59:42,uat4,we,hotfix-2316-wrk230922,2023-09-27 10:26,SUCCESS,321111010,deploy-uat4-we-CONTENT_hotfix-2316-wrk230922,
2023-10-08 12:59:45,uat4,ws,hotfix-2316-wrk230922,2023-09-27 02:56,SUCCESS,,deploy-uat4-ws-CONTENT_hotfix-2316-wrk230922,
2023-10-08 14:33:16,uat5,mg,release-23.16,2023-10-08 01:36,FAILURE,,deploy-uat5-mg-CONTENT_release-23.16,,prod,uat1,uat1 ,
2023-10-08 14:33:22,uat5,pb,release-23.16,2023-10-08 12:17,SUCCESS,423072521,deploy-uat5-pb-CONTENT_release-23.16,,uat1,uat1,uat1 ,
2023-10-08 14:33:28,uat5,pk,release-23.16,2023-10-08 12:20,SUCCESS,423071700,deploy-uat5-pk-CONTENT_release-23.16,,uat1,uat1,uat1 ,
2023-10-08 14:33:33,uat5,pt,release-23.16,2023-10-08 12:18,SUCCESS,422040801,deploy-uat5-pt-CONTENT_release-23.16,,uat1,uat1,uat1 ,
2023-10-08 14:33:39,uat5,we,release-23.16,2023-10-08 12:43,SUCCESS,,deploy-uat5-we-CONTENT_release-23.16,,uat1,uat1,uat1 ,
2023-10-08 14:33:45,uat5,ws,release-23.16,2023-10-08 12:18,SUCCESS,422090906,deploy-uat5-ws-CONTENT_release-23.16,,uat1,uat1,uat1 ,
2023-10-08 13:02:28,uat6,mg,release-23.14,2023-10-05 11:49,SUCCESS,322092019,deploy-uat6-mg-CONTENT_release-23.14,
2023-10-08 13:02:30,uat6,pb,release-23.14,2023-09-27 06:46,SUCCESS,323033084,deploy-uat6-pb-CONTENT_release-23.14,
2023-10-08 13:02:31,uat6,pk,release-23.14,2023-09-27 11:52,SUCCESS,323041819,deploy-uat6-pk-CONTENT_release-23.14,
2023-10-08 13:02:34,uat6,pt,release-23.14,2023-09-27 11:53,SUCCESS,323062925,deploy-uat6-pt-CONTENT_release-23.14,
2023-10-02 21:08:07,uat6,rj,release-23.14,2023-09-27 03:12,SUCCESS,323090730,deploy-uat6-rj-CONTENT_release-23.14,,prod,uat1,prdrk ,
2023-10-08 13:02:36,uat6,we,release-23.14,2023-09-27 11:54,SUCCESS,323091123,deploy-uat6-we-CONTENT_release-23.14,
2023-10-08 13:02:38,uat6,ws,release-23.14,2023-09-27 11:56,SUCCESS,323091132,deploy-uat6-ws-CONTENT_release-23.14,
2023-10-08 13:02:45,uat7,mg,release-23.16,2023-10-05 06:27,SUCCESS,423012421,deploy-uat7-mg-CONTENT_release-23.16,
2023-10-08 13:02:47,uat7,pb,release-23.16,2023-10-06 08:16,SUCCESS,323012401,deploy-uat7-pb-CONTENT_release-23.16,
2023-10-08 13:02:49,uat7,pk,release-23.16,2023-09-19 01:55,SUCCESS,423012424,deploy-uat7-pk-CONTENT_release-23.16,
2023-10-08 13:02:51,uat7,pt,release-23.16,2023-09-19 06:56,SUCCESS,,deploy-uat7-pt-CONTENT_release-23.16,
2023-10-02 21:09:34,uat7,rj,release-23.16,2023-09-20 12:13,SUCCESS,,deploy-uat7-rj-CONTENT_release-23.16,,prod,uat1,prdrk uat1 ,
2023-10-08 13:02:53,uat7,we,release-23.16,2023-09-19 06:57,SUCCESS,323080842,deploy-uat7-we-CONTENT_release-23.16,
2023-10-08 13:02:56,uat7,ws,release-23.16,2023-09-19 06:57,SUCCESS,423012601,deploy-uat7-ws-CONTENT_release-23.16,
2023-10-02 21:10:05,uat8,gr,release-23.16,Undeployed,,,deploy-uat8-gr-CONTENT_release-23.16,,uat3,uat1,prdrk ,
2023-10-08 13:03:04,uat8,mg,release-23.16,Undeployed,,321012818,deploy-uat8-mg-CONTENT_release-23.16,
2023-10-08 13:03:06,uat8,pb,release-23.16,Undeployed,,,deploy-uat8-pb-CONTENT_release-23.16,
2023-10-08 13:03:08,uat8,pk,release-23.16,Undeployed,,321020214,deploy-uat8-pk-CONTENT_release-23.16,
2023-10-08 13:03:10,uat8,pt,release-23.16,Undeployed,,321020223,deploy-uat8-pt-CONTENT_release-23.16,
2023-10-02 21:10:35,uat8,rj,release-23.16,Undeployed,,,deploy-uat8-rj-CONTENT_release-23.16,,prod,uat1,prdrk ,
2023-10-08 13:03:12,uat8,we,release-23.16,Undeployed,,,deploy-uat8-we-CONTENT_release-23.16,
2023-10-08 13:03:14,uat8,ws,release-23.16,Undeployed,,421080434,deploy-uat8-ws-CONTENT_release-23.16,
2023-10-09 04:27:10,qa8,mg,tigris-wrk-230228,2023-10-05 05:52,SUCCESS,323051807,deploy-qa8-mg-CONTENT_tigris-wrk-230228,
2023-10-09 04:27:12,qa8,pb,tigris-wrk-230228,2023-10-05 06:26,SUCCESS,323071404,deploy-qa8-pb-CONTENT_tigris-wrk-230228,
2023-10-09 04:27:13,qa8,pk,tigris-wrk-230228,2023-08-22 06:38,SUCCESS,323020833,deploy-qa8-pk-CONTENT_tigris-wrk-230228,
2023-10-09 04:27:14,qa8,pt,tigris-wrk-230228,2023-08-22 06:38,SUCCESS,323020832,deploy-qa8-pt-CONTENT_tigris-wrk-230228,
2023-10-09 04:27:15,qa8,we,tigris-wrk-230228,2023-09-21 09:57,SUCCESS,323052604,deploy-qa8-we-CONTENT_tigris-wrk-230228,
2023-10-09 04:27:17,qa8,ws,tigris-wrk-230228,2023-08-22 06:38,SUCCESS,323020838,deploy-qa8-ws-CONTENT_tigris-wrk-230228,
