2023-10-08 13:50:02,bpv,gr,gr-bpv-sac1
2023-10-08 13:50:05,bpv,mg,mg-bpv-sac1
2023-10-08 13:50:07,bpv,pb,pb-bpv-sac1
2023-10-08 13:50:13,bpv,pk,pk-bpv-sac1
2023-10-08 13:50:21,bpv,pt,pt-bpv-sac1
2023-10-08 13:50:25,bpv,rj,rj-bpv-rk1v
2023-10-08 13:50:28,bpv,we,we-bpv-sac1
2023-10-08 13:50:32,bpv,ws,ws-bpv-sac1
2023-10-08 21:17:32,cabpv,mg,mg-cabpv-rk1v
2023-10-08 21:18:25,cabpv,pb,pb-cabpv-rk1v
2023-10-08 21:18:27,cabpv,pk,pk-cabpv-rk1v
2023-10-08 21:18:28,cabpv,pt,pt-cabpv-rk1v
2023-10-08 21:18:30,cabpv,rj,rj-cabpv-rk1v
2023-10-08 21:18:32,cabpv,we,we-cabpv-rk1v
2023-10-08 21:18:33,cabpv,ws,ws-cabpv-rk1v
2023-10-08 16:48:26,caint3,mg,mg-caint3-rk1
2023-10-08 16:48:28,caint3,pb,pb-caint3-rk1
2023-10-08 16:48:52,caint3,pk,pk-caint3-sac1
2023-10-08 16:48:54,caint3,pt,pt-caint3-sac1
2023-10-08 16:48:55,caint3,rj,rj-caint3-rk1
2023-10-08 16:48:57,caint3,we,we-caint3-rk1
2023-10-08 16:48:58,caint3,ws,ws-caint3-rk1
2023-10-08 15:52:11,caint4,mg,mg-caint4-rk1
2023-10-08 15:52:13,caint4,pb,pb-caint4-rk1
2023-10-08 15:52:14,caint4,pk,pk-caint4-rk1
2023-10-08 15:52:16,caint4,pt,pt-caint4-rk1
2023-10-08 15:52:18,caint4,rj,rj-caint4-rk1
2023-10-08 15:52:19,caint4,we,we-caint4-rk1
2023-10-08 15:52:21,caint4,ws,ws-caint4-rk1
2023-10-08 03:56:36,caint5,mg,mg-caint5-rk1
2023-10-08 03:56:38,caint5,pb,pb-caint5-rk1
2023-10-08 03:56:39,caint5,pk,pk-caint5-rk1
2023-10-08 03:56:41,caint5,pt,pt-caint5-rk1
2023-10-08 03:56:42,caint5,rj,rj-caint5-rk1
2023-10-08 03:56:44,caint5,we,we-caint5-rk1
2023-10-08 03:56:46,caint5,ws,ws-caint5-rk1
2023-10-08 23:14:28,caperf,pb,pb-caperf-rk1v
2023-10-08 23:14:29,caperf,pk,pk-caperf-rk1v
2023-10-08 23:14:31,caperf,pt,pt-caperf-rk1v
2023-10-08 23:14:33,caperf,we,we-caperf-rk1v
2023-10-08 23:14:35,caperf,ws,ws-caperf-rk1v
2023-10-08 21:53:47,caqa10,pb,pb-caqa10-rk1v
2023-10-08 21:53:49,caqa10,pk,pk-caqa10-rk1v
2023-10-08 21:53:50,caqa10,pt,pt-caqa10-rk1v
2023-10-08 21:53:52,caqa10,we,we-caqa10-rk1v
2023-10-08 21:53:54,caqa10,ws,ws-caqa10-rk1v
2023-10-08 21:54:26,caqa11,pb,pb-caqa11-rk1v
2023-10-08 21:54:27,caqa11,pk,pk-caqa11-rk1v
2023-10-08 21:54:29,caqa11,pt,pt-caqa11-rk1v
2023-10-08 21:54:31,caqa11,we,we-caqa11-rk1v
2023-10-08 21:54:32,caqa11,ws,ws-caqa11-rk1v
2023-10-08 19:54:19,caqa31,pb,pb-caqa31-rk1v
2023-10-08 19:54:20,caqa31,pk,pk-caqa31-rk1v
2023-10-08 19:54:22,caqa31,pt,pt-caqa31-rk1v
2023-10-08 19:54:24,caqa31,we,we-caqa31-rk1v
2023-10-08 19:54:25,caqa31,ws,ws-caqa31-rk1v
2023-10-08 20:10:53,cargs1,mg,mg-cargs1-rk1v
2023-10-08 20:10:55,cargs1,pb,pb-cargs1-rk1v
2023-10-08 20:10:56,cargs1,pk,pk-cargs1-rk1v
2023-10-08 20:10:58,cargs1,pt,pt-cargs1-rk1v
2023-10-08 20:11:00,cargs1,rj,rj-cargs1-rk1v
2023-10-08 20:11:01,cargs1,we,we-cargs1-rk1v
2023-10-08 20:11:03,cargs1,ws,ws-cargs1-rk1v
2023-10-08 21:23:49,cauat1,pb,pb-cauat1-rk1v
2023-10-08 21:23:50,cauat1,pk,pk-cauat1-rk1v
2023-10-08 21:23:52,cauat1,pt,pt-cauat1-rk1v
2023-10-08 21:23:54,cauat1,we,we-cauat1-rk1v
2023-10-08 21:23:55,cauat1,ws,ws-cauat1-rk1v
2023-10-04 05:45:27,cauat2,pb,pb-cauat2-rk1v
2023-10-04 05:45:29,cauat2,pk,pk-cauat2-rk1v
2023-10-04 05:46:22,cauat2,pt,pt-cauat2-rk1v
2023-10-04 05:46:27,cauat2,we,we-cauat2-rk1v
2023-10-04 05:46:29,cauat2,ws,ws-cauat2-rk1v
2023-10-08 14:29:47,cauat3,mg,mg-cauat3-rk1v
2023-10-08 14:29:49,cauat3,pb,pb-cauat3-rk1v
2023-10-08 14:29:51,cauat3,pk,pk-cauat3-rk1v
2023-10-08 14:29:53,cauat3,pt,pt-cauat3-rk1v
2023-10-08 14:29:55,cauat3,rj,rj-cauat3-rk1v
2023-10-08 14:29:57,cauat3,we,we-cauat3-rk1v
2023-10-08 14:29:59,cauat3,ws,ws-cauat3-rk1v
2023-10-03 08:44:02,cauat4,pb,pb-cauat4-rk1v
2023-10-03 08:44:04,cauat4,pk,pk-cauat4-rk1v
2023-10-03 08:44:07,cauat4,pt,pt-cauat4-rk1v
2023-10-03 08:44:08,cauat4,we,we-cauat4-rk1v
2023-10-03 08:44:11,cauat4,ws,ws-cauat4-rk1v
2023-10-02 20:54:31,cauat6,pb,pb-cauat6-rk1v
2023-10-02 20:54:32,cauat6,pk,pk-cauat6-rk1v
2023-10-02 20:54:34,cauat6,pt,pt-cauat6-rk1v
2023-10-02 20:54:36,cauat6,we,we-cauat6-rk1v
2023-10-02 20:54:37,cauat6,ws,ws-cauat6-rk1v
2023-10-02 20:55:05,cauat7,pb,pb-cauat7-rk1v
2023-10-02 20:55:07,cauat7,pk,pk-cauat7-rk1v
2023-10-02 20:55:08,cauat7,pt,pt-cauat7-rk1v
2023-10-02 20:55:09,cauat7,we,we-cauat7-rk1v
2023-10-02 20:55:19,cauat7,ws,ws-cauat7-rk1v
2023-10-07 15:09:27,int1,mg,mg-int1-rk1v
2023-10-07 15:09:29,int1,pb,pb-int1-rk1v
2023-10-07 15:10:24,int1,pk,pk-int1-rk1v
2023-10-07 15:10:27,int1,pt,pt-int1-rk1v
2023-10-07 15:10:30,int1,we,we-int1-rk1v
2023-10-07 15:10:33,int1,ws,ws-int1-rk1v
2023-10-07 15:10:48,int2,mg,mg-int2-rk1v
2023-10-07 15:10:50,int2,pb,pb-int2-rk1v
2023-10-07 15:10:52,int2,pk,pk-int2-rk1v
2023-10-07 15:10:54,int2,pt,pt-int2-rk1v
2023-10-07 15:10:57,int2,we,we-int2-rk1v
2023-10-07 15:11:12,int2,ws,ws-int2-rk1v
2023-10-08 16:49:01,int3,gr,gr-int3-rk1v
2023-10-08 16:49:03,int3,mg,mg-int3-rk1v
2023-10-08 16:49:05,int3,pb,pb-int3-rk1v
2023-10-08 16:49:08,int3,pk,pk-int3-rk1v
2023-10-08 16:49:11,int3,pt,pt-int3-rk1v
2023-10-08 16:49:13,int3,rj,rj-int3-rk1v
2023-10-08 16:49:15,int3,we,we-int3-rk1v
2023-10-08 16:50:09,int3,ws,ws-int3-rk1v
2023-10-08 15:52:23,int4,gr,gr-int4-rk1
2023-10-08 15:52:26,int4,mg,mg-int4-rk1
2023-10-08 15:52:28,int4,pb,pb-int4-rk1
2023-10-08 15:52:32,int4,pk,pk-int4-rk1
2023-10-08 15:52:35,int4,pt,pt-int4-rk1
2023-10-08 15:52:38,int4,rj,rj-int4-rk1
2023-10-08 15:52:40,int4,we,we-int4-rk1
2023-10-08 15:52:43,int4,ws,ws-int4-rk1
2023-10-07 15:16:41,int5,gr,gr-int5-rk1
2023-10-07 15:16:44,int5,mg,mg-int5-rk1
2023-10-07 15:16:47,int5,pb,pb-int5-rk1
2023-10-07 15:16:51,int5,pk,pk-int5-rk1
2023-10-07 15:16:54,int5,pt,pt-int5-rk1
2023-10-07 15:16:56,int5,rj,rj-int5-rk1
2023-10-07 15:16:59,int5,we,we-int5-rk1
2023-10-07 15:17:02,int5,ws,ws-int5-rk1
2023-10-07 15:17:19,int6,mg,efesac-vicn054
2023-10-07 15:17:21,int6,pb,efesac-vicn053
2023-10-07 15:17:23,int6,pk,efesac-vicn051
2023-10-07 15:17:28,int6,pt,efesac-vicn052
2023-10-07 15:17:32,int6,we,efesac-vicn050
2023-10-07 15:17:37,int6,ws,efesac-vicn049
2023-10-07 15:17:54,int7,mg,efesac-vicn049
2023-10-07 15:17:56,int7,pb,efesac-vicn050
2023-10-07 15:17:58,int7,pk,efesac-vicn051
2023-10-07 15:18:01,int7,pt,efesac-vicn052
2023-10-07 15:18:04,int7,we,efesac-vicn053
2023-10-07 15:18:06,int7,ws,efesac-vicn054
2023-10-08 23:14:38,perf,mg,mg-xcprf-rk2v
2023-10-08 23:14:42,perf,pb,pb-xcprf-rk5v
2023-10-08 23:14:44,perf,pk,pk-xcprf-rk3v
2023-10-08 23:14:47,perf,pt,pt-xcprf-rk2v
2023-10-08 23:14:50,perf,rj,rj-xcprf-rk2v
2023-10-08 23:14:53,perf,we,we-xcprf-rk3v
2023-10-08 23:14:56,perf,ws,ws-xcprf-rk3v
2023-10-08 21:46:46,qa1,mg,mg-intdev1-rk1
2023-10-08 21:46:49,qa1,pb,pb-intdev1-rk1
2023-10-08 21:46:52,qa1,pk,pk-intdev1-rk1
2023-10-08 21:46:56,qa1,pt,pt-intdev1-rk1
2023-10-08 21:47:00,qa1,we,we-intdev1-rk1
2023-10-08 21:47:03,qa1,ws,ws-intdev1-rk1
2023-10-08 21:53:58,qa10,mg,mg-intdev10-rk1
2023-10-08 21:54:00,qa10,pb,pb-intdev10-rk1
2023-10-08 21:54:02,qa10,pk,pk-intdev10-rk1
2023-10-08 21:54:05,qa10,pt,pt-intdev10-rk1
2023-10-08 21:54:07,qa10,rj,rj-qa10-sac1v
2023-10-08 21:54:10,qa10,we,we-intdev10-rk1
2023-10-08 21:54:12,qa10,ws,ws-intdev10-rk1
2023-10-08 21:54:35,qa11,mg,mg-intdev11-rk1
2023-10-08 21:54:37,qa11,pb,pb-intdev11-rk1
2023-10-08 21:54:41,qa11,pk,pk-intdev11-rk1
2023-10-08 21:54:43,qa11,pt,pt-intdev11-rk1
2023-10-08 21:54:46,qa11,rj,rj-qa11-sac1v
2023-10-08 21:54:49,qa11,we,we-intdev11-rk1
2023-10-08 21:54:52,qa11,ws,ws-intdev11-rk1
2023-10-08 21:55:06,qa12,mg,mg-intdev12-rk1
2023-10-08 21:55:08,qa12,pb,pb-intdev12-rk1
2023-10-08 21:55:11,qa12,pk,pk-intdev12-rk1
2023-10-08 21:55:14,qa12,pt,pt-intdev12-rk1
2023-10-08 21:55:17,qa12,we,we-intdev12-rk1
2023-10-08 21:55:21,qa12,ws,ws-intdev12-rk1
2023-10-08 21:55:35,qa13,mg,mg-intdev13-rk1
2023-10-08 21:55:38,qa13,pb,pb-intdev13-rk1
2023-10-08 21:55:40,qa13,pk,pk-intdev13-rk1
2023-10-08 21:55:42,qa13,pt,pt-intdev13-rk1
2023-10-08 21:55:45,qa13,we,we-intdev13-rk1
2023-10-08 21:55:48,qa13,ws,ws-intdev13-rk1
2023-10-08 21:56:02,qa14,mg,mg-intdev14-rk1
2023-10-08 21:56:04,qa14,pb,pb-intdev14-rk1
2023-10-08 21:56:07,qa14,pk,pk-intdev14-rk1
2023-10-08 21:56:10,qa14,pt,pt-intdev14-rk1
2023-10-08 21:56:12,qa14,rj,rj-qa14-rk1v
2023-10-08 21:56:15,qa14,we,we-intdev14-rk1
2023-10-08 21:56:18,qa14,ws,ws-intdev14-rk1
2023-10-08 21:56:33,qa15,mg,mg-qa15-rk1v
2023-10-08 21:56:41,qa15,pb,pb-qa15-rk1v
2023-10-08 21:56:43,qa15,pk,pk-qa15-rk1v
2023-10-08 21:56:46,qa15,pt,pt-qa15-rk1v
2023-10-08 21:56:49,qa15,we,we-qa15-rk1v
2023-10-08 21:56:52,qa15,ws,ws-qa15-rk1v
2023-10-08 21:57:08,qa16,mg,mg-qa16-rk1v
2023-10-08 21:57:10,qa16,pb,pb-qa16-rk1v
2023-10-08 21:57:13,qa16,pk,pk-qa16-rk1v
2023-10-08 21:57:16,qa16,pt,pt-qa16-rk1v
2023-10-08 21:57:19,qa16,we,we-qa16-rk1v
2023-10-08 21:57:22,qa16,ws,ws-qa16-rk1v
2023-10-08 21:57:38,qa17,mg,mg-intdev17-rk1
2023-10-08 21:57:41,qa17,pb,pb-intdev17-rk1
2023-10-08 21:57:44,qa17,pk,pk-intdev17-rk1
2023-10-08 21:58:00,qa17,pt,pt-intdev17-rk1
2023-10-08 21:58:03,qa17,we,we-intdev17-rk1
2023-10-08 21:58:57,qa17,ws,ws-intdev17-rk1
2023-10-08 21:59:14,qa18,mg,mg-intdev18-rk1
2023-10-08 21:59:16,qa18,pb,pb-intdev18-rk1
2023-10-08 21:59:31,qa18,pk,pk-intdev18-rk1
2023-10-08 21:59:35,qa18,pt,pt-intdev18-rk1
2023-10-08 21:59:38,qa18,we,we-intdev18-rk1
2023-10-08 21:59:43,qa18,ws,ws-intdev18-rk1
2023-10-08 21:59:59,qa19,mg,mg-intdev19-rk1
2023-10-08 22:00:02,qa19,pb,pb-intdev19-rk1
2023-10-08 22:00:13,qa19,pk,pk-intdev19-rk1
2023-10-08 22:00:16,qa19,pt,pt-intdev19-rk1
2023-10-08 22:00:26,qa19,we,we-intdev19-rk1
2023-10-08 22:00:35,qa19,ws,ws-intdev19-rk1
2023-10-09 01:10:09,qa2,mg,mg-intdev2-rk1
2023-10-09 01:10:51,qa2,pb,pb-intdev2-rk1
2023-10-09 01:11:45,qa2,pk,pk-intdev2-rk1
2023-10-09 01:11:49,qa2,pt,pt-intdev2-rk1
2023-10-09 01:11:52,qa2,rj,rj-qa2-rk1v
2023-10-09 01:11:54,qa2,we,we-intdev2-rk1
2023-10-09 01:12:43,qa2,ws,ws-intdev2-rk1
2023-10-09 01:19:15,qa20,mg,mg-intdev20-rk1
2023-10-09 01:19:17,qa20,pb,pb-intdev20-rk1
2023-10-09 01:19:21,qa20,pk,pk-intdev20-rk1
2023-10-09 01:20:15,qa20,pt,pt-intdev20-rk1
2023-10-09 01:20:18,qa20,we,we-intdev20-rk1
2023-10-09 01:20:21,qa20,ws,ws-intdev20-rk1
2023-10-09 01:20:36,qa21,mg,mg-intdev21-rk1
2023-10-09 01:20:39,qa21,pb,pb-intdev21-rk1
2023-10-09 01:20:41,qa21,pk,pk-intdev21-rk1
2023-10-09 01:20:43,qa21,pt,pt-intdev21-rk1
2023-10-09 01:20:45,qa21,we,we-intdev21-rk1
2023-10-09 01:20:48,qa21,ws,ws-intdev21-rk1
2023-10-09 01:21:01,qa22,mg,mg-intdev22-rk1
2023-10-09 01:21:03,qa22,pb,pb-intdev22-rk1
2023-10-09 01:21:07,qa22,pk,pk-intdev22-rk1
2023-10-09 01:21:11,qa22,pt,pt-intdev22-rk1
2023-10-09 01:21:13,qa22,we,we-intdev22-rk1
2023-10-09 01:21:19,qa22,ws,ws-intdev22-rk1
2023-10-09 01:21:51,qa23,mg,mg-intdev23-rk1
2023-10-09 01:21:54,qa23,pb,pb-intdev23-rk1
2023-10-09 01:21:56,qa23,pk,pk-intdev23-rk1
2023-10-09 01:21:58,qa23,pt,pt-intdev23-rk1
2023-10-09 01:22:01,qa23,we,we-intdev23-rk1
2023-10-09 01:22:03,qa23,ws,ws-intdev23-rk1
2023-10-09 01:22:17,qa24,mg,mg-intdev24-rk1
2023-10-09 01:22:20,qa24,pb,pb-intdev24-rk1
2023-10-09 01:22:22,qa24,pk,pk-intdev24-rk1
2023-10-09 01:22:24,qa24,pt,pt-intdev24-rk1
2023-10-09 01:22:26,qa24,we,we-intdev24-rk1
2023-10-09 01:22:28,qa24,ws,ws-intdev24-rk1
2023-10-09 01:22:42,qa25,mg,mg-intdev25-rk1
2023-10-09 01:22:44,qa25,pb,pb-intdev25-rk1
2023-10-09 01:22:46,qa25,pk,pk-intdev25-rk1
2023-10-09 01:22:48,qa25,pt,pt-intdev25-rk1
2023-10-09 01:22:50,qa25,we,we-intdev25-rk1
2023-10-09 01:22:51,qa25,ws,ws-intdev25-rk1
2023-10-09 01:23:05,qa26,mg,mg-intdev26-rk1
2023-10-09 01:23:08,qa26,pb,pb-intdev26-rk1
2023-10-09 01:23:10,qa26,pk,pk-intdev26-rk1
2023-10-09 01:23:12,qa26,pt,pt-intdev26-rk1
2023-10-09 01:23:14,qa26,we,we-intdev26-rk1
2023-10-09 01:23:16,qa26,ws,ws-intdev26-rk1
2023-10-09 01:23:29,qa27,mg,mg-intdev27-rk1
2023-10-09 01:23:31,qa27,pb,pb-intdev27-rk1
2023-10-09 01:23:34,qa27,pk,eferck-vdcn045
2023-10-09 01:23:59,qa27,pt,pt-intdev27-rk1
2023-10-09 01:24:03,qa27,rj,rj-qa27-rk1v
2023-10-09 01:24:05,qa27,we,we-intdev27-rk1
2023-10-09 01:24:13,qa27,ws,ws-intdev27-rk1
2023-10-09 01:25:19,qa28,mg,mg-intdev28-rk1
2023-10-09 01:25:22,qa28,pb,pb-intdev28-rk1
2023-10-09 01:25:26,qa28,pk,eferck-vdcn051
2023-10-09 01:25:48,qa28,pt,pt-intdev28-rk1
2023-10-09 01:25:51,qa28,we,we-intdev28-rk1
2023-10-09 01:25:54,qa28,ws,ws-intdev28-rk1
2023-10-09 01:26:09,qa29,mg,mg-intdev29-rk1
2023-10-09 01:26:13,qa29,pb,pb-intdev29-rk1
2023-10-09 01:26:17,qa29,pk,pk-intdev29-rk1
2023-10-09 01:26:20,qa29,pt,pt-intdev29-rk1
2023-10-09 01:26:22,qa29,we,we-intdev29-rk1
2023-10-09 01:26:28,qa29,ws,ws-intdev29-rk1
2023-10-07 19:55:21,qa3,mg,mg-intdev3-rk1
2023-10-07 19:55:23,qa3,pb,pb-intdev3-rk1
2023-10-07 19:55:26,qa3,pk,pk-intdev3-rk1
2023-10-07 19:55:29,qa3,pt,pt-intdev3-rk1
2023-10-07 19:55:32,qa3,we,we-intdev3-rk1
2023-10-07 19:55:35,qa3,ws,ws-intdev3-rk1
2023-10-07 20:05:28,qa30,mg,mg-intdev30-rk1
2023-10-07 20:05:32,qa30,pb,pb-intdev30-rk1
2023-10-07 20:05:35,qa30,pk,pk-intdev30-rk1
2023-10-07 20:05:37,qa30,pt,pt-intdev30-rk1
2023-10-07 20:05:40,qa30,we,we-intdev30-rk1
2023-10-07 20:05:42,qa30,ws,ws-intdev30-rk1
2023-10-08 19:54:29,qa31,mg,mg-intdev31-rk1
2023-10-08 19:54:32,qa31,pb,pb-intdev31-rk1
2023-10-08 19:54:34,qa31,pk,pk-intdev31-rk1
2023-10-08 19:54:37,qa31,pt,pt-intdev31-rk1
2023-10-08 19:54:39,qa31,rj,rj-qa31-sac1v
2023-10-08 19:54:41,qa31,we,we-intdev31-rk1
2023-10-08 19:54:44,qa31,ws,ws-intdev31-rk1
2023-10-07 20:07:23,qa32,mg,mg-intdev32-rk1
2023-10-07 20:07:25,qa32,pb,pb-intdev32-rk1
2023-10-07 20:07:29,qa32,pk,pk-intdev32-rk1
2023-10-07 20:07:31,qa32,pt,pt-intdev32-rk1
2023-10-07 20:07:34,qa32,we,we-intdev32-rk1
2023-10-07 20:07:37,qa32,ws,ws-intdev32-rk1
2023-10-07 20:07:50,qa33,mg,mg-intdev33-rk1
2023-10-07 20:07:52,qa33,pb,pb-intdev33-rk1
2023-10-07 20:07:54,qa33,pk,pk-intdev33-rk1
2023-10-07 20:07:57,qa33,pt,pt-intdev33-rk1
2023-10-07 20:07:59,qa33,we,we-intdev33-rk1
2023-10-07 20:08:01,qa33,ws,ws-intdev33-rk1
2023-10-07 20:08:14,qa34,mg,mg-intdev34-rk1
2023-10-07 20:08:16,qa34,pb,pb-intdev34-rk1
2023-10-07 20:09:10,qa34,pk,pk-intdev34-rk1
2023-10-07 20:09:13,qa34,pt,pt-intdev34-rk1
2023-10-07 20:09:16,qa34,we,we-intdev34-rk1
2023-10-07 20:09:19,qa34,ws,ws-intdev34-rk1
2023-10-07 20:09:35,qa35,mg,mg-intdev35-rk1
2023-10-07 20:09:37,qa35,pb,pb-intdev35-rk1
2023-10-07 20:09:40,qa35,pk,pk-intdev35-rk1
2023-10-07 20:09:44,qa35,pt,pt-intdev35-rk1
2023-10-07 20:09:46,qa35,we,we-intdev35-rk1
2023-10-07 20:09:50,qa35,ws,ws-intdev35-rk1
2023-10-07 20:10:05,qa36,mg,mg-intdev36-rk1
2023-10-07 20:10:07,qa36,pb,pb-intdev36-rk1
2023-10-07 20:10:10,qa36,pk,pk-intdev36-rk1
2023-10-07 20:10:13,qa36,pt,pt-intdev36-rk1
2023-10-07 20:10:15,qa36,rj,rj-qa36-rk1v
2023-10-07 20:10:17,qa36,we,we-intdev36-rk1
2023-10-07 20:10:20,qa36,ws,ws-intdev36-rk1
2023-10-08 03:51:29,qa37,mg,mg-intdev37-rk1
2023-10-08 03:51:32,qa37,pb,pb-intdev37-rk1
2023-10-08 03:52:26,qa37,pk,pk-intdev37-rk1
2023-10-08 03:52:28,qa37,pt,pt-intdev37-rk1
2023-10-08 03:52:30,qa37,we,we-intdev37-rk1
2023-10-08 03:52:33,qa37,ws,ws-intdev37-rk1
2023-10-07 20:12:05,qa38,mg,mg-intdev38-rk1
2023-10-07 20:12:08,qa38,pb,pb-intdev38-rk1
2023-10-07 20:12:09,qa38,pk,pk-intdev38-rk1
2023-10-07 20:12:11,qa38,pt,pt-intdev38-rk1
2023-10-07 20:12:13,qa38,we,we-intdev38-rk1
2023-10-07 20:12:15,qa38,ws,ws-intdev38-rk1
2023-10-07 20:12:28,qa39,mg,mg-intdev39-rk1
2023-10-07 20:12:41,qa39,pb,pb-intdev39-rk1
2023-10-07 20:13:34,qa39,pk,pk-intdev39-rk1
2023-10-07 20:14:28,qa39,pt,pt-intdev39-rk1
2023-10-07 20:15:23,qa39,we,we-intdev39-rk1
2023-10-07 20:16:16,qa39,ws,ws-intdev39-rk1
2023-10-08 23:33:58,qa4,mg,mg-intdev4-rk1
2023-10-08 23:34:01,qa4,pb,pb-intdev4-rk1
2023-10-08 23:34:04,qa4,pk,pk-intdev4-rk1
2023-10-08 23:34:07,qa4,pt,pt-intdev4-rk1
2023-10-08 23:34:09,qa4,we,we-intdev4-rk1
2023-10-08 23:34:13,qa4,ws,ws-intdev4-rk1
2023-10-08 23:42:55,qa40,mg,mg-intdev40-sac1
2023-10-08 23:42:57,qa40,pb,pb-intdev40-sac1
2023-10-08 23:43:51,qa40,pk,pk-intdev40-sac1
2023-10-08 23:43:56,qa40,pt,pt-intdev40-sac1
2023-10-08 23:43:59,qa40,we,we-intdev40-sac1
2023-10-08 23:44:04,qa40,ws,ws-intdev40-sac1
2023-10-08 23:44:21,qa41,mg,mg-intdev41-sac1
2023-10-08 23:44:23,qa41,pb,pb-intdev41-sac1
2023-10-08 23:44:27,qa41,pk,pk-intdev41-sac1
2023-10-08 23:44:30,qa41,pt,pt-intdev41-sac1
2023-10-08 23:45:24,qa41,we,we-intdev41-sac1
2023-10-08 23:45:27,qa41,ws,ws-intdev41-sac1
2023-10-08 23:45:40,qa42,mg,mg-intdev42-sac1
2023-10-08 23:45:43,qa42,pb,pb-intdev42-sac1
2023-10-08 23:45:45,qa42,pk,pk-intdev42-sac1
2023-10-08 23:45:49,qa42,pt,pt-intdev42-sac1
2023-10-08 23:45:53,qa42,rj,rj-qa42-rk1v
2023-10-08 23:45:55,qa42,we,we-intdev42-sac1
2023-10-08 23:46:01,qa42,ws,ws-intdev42-sac1
2023-10-08 23:47:07,qa43,mg,mg-intdev43-sac1
2023-10-08 23:47:09,qa43,pb,pb-intdev43-sac1
2023-10-08 23:47:11,qa43,pk,pk-intdev43-sac1
2023-10-08 23:47:58,qa43,pt,pt-intdev43-sac1
2023-10-08 23:48:02,qa43,we,we-intdev43-sac1
2023-10-08 23:48:56,qa43,ws,ws-intdev43-sac1
2023-10-08 23:49:13,qa44,mg,mg-intdev44-sac1
2023-10-08 23:49:15,qa44,pb,pb-intdev44-sac1
2023-10-08 23:49:23,qa44,pk,pk-intdev44-sac1
2023-10-08 23:49:28,qa44,pt,pt-intdev44-sac1
2023-10-08 23:49:31,qa44,we,we-intdev44-sac1
2023-10-08 23:49:35,qa44,ws,ws-intdev44-sac1
2023-10-08 23:49:53,qa45,mg,mg-intdev45-sac1
2023-10-08 23:49:55,qa45,pb,pb-intdev45-sac1
2023-10-08 23:49:58,qa45,pk,pk-intdev45-sac1
2023-10-08 23:50:03,qa45,pt,pt-intdev45-sac1
2023-10-08 23:50:07,qa45,we,we-intdev45-sac1
2023-10-08 23:50:12,qa45,ws,ws-intdev45-sac1
2023-10-08 23:50:29,qa46,mg,mg-intdev46-sac1
2023-10-08 23:50:31,qa46,pb,pb-intdev46-sac1
2023-10-08 23:50:34,qa46,pk,pk-intdev46-sac1
2023-10-08 23:50:36,qa46,pt,pt-intdev46-sac1
2023-10-08 23:50:38,qa46,we,we-intdev46-sac1
2023-10-08 23:50:41,qa46,ws,ws-intdev46-sac1
2023-10-08 23:50:54,qa47,gr,gr-intdev47-sac1
2023-10-08 23:50:57,qa47,mg,mg-intdev47-sac1
2023-10-08 23:50:59,qa47,pb,pb-intdev47-sac1
2023-10-08 23:51:01,qa47,pk,pk-intdev47-sac1
2023-10-08 23:51:03,qa47,pt,pt-intdev47-sac1
2023-10-08 23:51:05,qa47,rj,rj-intdev47-sac1
2023-10-08 23:51:07,qa47,we,we-intdev47-sac1
2023-10-08 23:51:09,qa47,ws,ws-intdev47-sac1
2023-10-08 23:51:22,qa49,mg,mg-intdev49-sac1
2023-10-08 23:51:25,qa49,pb,pb-intdev49-sac1
2023-10-08 23:52:19,qa49,pk,pk-intdev49-sac1
2023-10-08 23:52:21,qa49,pt,pt-intdev49-sac1
2023-10-08 23:52:24,qa49,rj,rj-intdev49-sac1
2023-10-08 23:52:26,qa49,we,we-intdev49-sac1
2023-10-08 23:52:28,qa49,ws,ws-intdev49-sac1
2023-10-08 17:12:59,qa5,mg,mg-intdev5-rk1
2023-10-08 17:13:02,qa5,pb,pb-intdev5-rk1
2023-10-08 17:13:04,qa5,pk,pk-intdev5-rk1
2023-10-08 17:13:07,qa5,pt,pt-intdev5-rk1
2023-10-08 17:13:09,qa5,we,we-intdev5-rk1
2023-10-08 17:13:12,qa5,ws,ws-intdev5-rk1
2023-10-08 17:16:09,qa51,mg,mg-intdev51-sac1
2023-10-08 17:16:11,qa51,pb,pb-intdev51-sac1
2023-10-08 17:16:22,qa51,pk,pk-intdev51-sac1
2023-10-08 17:16:27,qa51,pt,pt-intdev51-sac1
2023-10-08 17:16:30,qa51,we,we-intdev51-sac1
2023-10-08 17:16:35,qa51,ws,ws-intdev51-sac1
2023-10-08 17:16:52,qa52,mg,mg-intdev52-sac1
2023-10-08 17:16:54,qa52,pb,pb-intdev52-sac1
2023-10-08 17:16:56,qa52,pk,pk-intdev52-sac1
2023-10-08 17:17:01,qa52,pt,pt-intdev52-sac1
2023-10-08 17:17:04,qa52,we,we-intdev52-sac1
2023-10-08 17:17:09,qa52,ws,ws-intdev52-sac1
2023-10-08 17:17:26,qa53,mg,mg-intdev53-sac1
2023-10-08 17:17:29,qa53,pb,pb-intdev53-sac1
2023-10-08 17:17:35,qa53,pk,pk-intdev53-sac1
2023-10-08 17:17:39,qa53,pt,pt-intdev53-sac1
2023-10-08 17:17:41,qa53,we,we-intdev53-sac1
2023-10-08 17:17:47,qa53,ws,ws-intdev53-sac1
2023-10-08 17:18:05,qa54,mg,mg-intdev54-sac1
2023-10-08 17:18:07,qa54,pb,pb-intdev54-sac1
2023-10-08 17:18:09,qa54,pk,pk-intdev54-sac1
2023-10-08 17:18:11,qa54,pt,pt-intdev54-rk1v
2023-10-08 17:18:13,qa54,rj,rj-intdev54-sac1
2023-10-08 17:18:15,qa54,we,we-intdev54-sac1
2023-10-08 17:18:16,qa54,ws,ws-intdev54-sac1
2023-10-08 17:18:29,qa55,mg,mg-intdev55-sac1
2023-10-08 17:18:32,qa55,pb,pb-intdev55-sac1
2023-10-08 17:18:34,qa55,pk,pk-intdev55-sac1
2023-10-08 17:18:36,qa55,pt,pt-intdev55-sac1
2023-10-08 17:18:39,qa55,we,we-intdev55-sac1
2023-10-08 17:18:41,qa55,ws,ws-intdev55-sac1
2023-10-08 21:14:09,qa56,mg,mg-intdev56-rk1v
2023-10-08 21:14:11,qa56,pb,pb-intdev56-rk1v
2023-10-08 21:14:14,qa56,pk,pk-intdev56-rk1v
2023-10-08 21:14:17,qa56,pt,pt-intdev56-rk1v
2023-10-08 21:14:20,qa56,rj,rj-qa56-rk1v
2023-10-08 21:14:23,qa56,we,we-intdev56-rk1v
2023-10-08 21:14:26,qa56,ws,ws-intdev56-rk1v
2023-10-08 17:20:15,qa57,mg,mg-intdev57-rk1v
2023-10-08 17:20:17,qa57,pb,pb-intdev57-rk1v
2023-10-08 17:20:20,qa57,pk,pk-intdev57-rk1v
2023-10-08 17:20:22,qa57,pt,pt-intdev57-rk1v
2023-10-08 17:20:24,qa57,we,we-intdev57-rk1v
2023-10-08 17:20:27,qa57,ws,ws-intdev57-rk1v
2023-10-04 02:21:29,qa6,mg,mg-intdev6-rk1
2023-10-04 02:21:33,qa6,pb,pb-intdev6-rk1
2023-10-04 02:21:38,qa6,pk,pk-intdev6-rk1
2023-10-04 02:21:43,qa6,pt,pt-intdev6-rk1
2023-10-04 02:21:46,qa6,we,we-intdev6-rk1
2023-10-04 02:22:03,qa6,ws,ws-intdev6-rk1
2023-10-08 21:10:34,qa7,gr,gr-intdev7-rk1
2023-10-08 21:10:37,qa7,mg,mg-intdev7-rk1
2023-10-08 21:10:39,qa7,pb,pb-intdev7-rk1
2023-10-08 21:10:42,qa7,pk,pk-intdev7-rk1
2023-10-08 21:10:44,qa7,pt,pt-intdev7-rk1
2023-10-08 21:10:47,qa7,rj,rj-intdev7-rk1
2023-10-08 21:10:49,qa7,we,we-intdev7-rk1
2023-10-08 21:10:52,qa7,ws,ws-intdev7-rk1
2023-09-29 12:43:26,qa8,mg,mg-intdev8-rk1
2023-09-29 12:43:28,qa8,pb,pb-intdev8-rk1
2023-09-29 12:43:32,qa8,pk,pk-intdev8-rk1
2023-09-29 12:43:34,qa8,pt,pt-intdev8-rk1
2023-09-29 12:43:36,qa8,rj,rj-qa8-rk1v
2023-09-29 12:43:38,qa8,we,we-intdev8-rk1
2023-09-29 12:43:41,qa8,ws,ws-intdev8-rk1
2023-10-08 18:03:25,qa9,mg,mg-intdev9-rk1v
2023-10-08 18:03:27,qa9,pb,pb-intdev9-rk1
2023-10-08 18:03:29,qa9,pk,pk-intdev9-rk1
2023-10-08 18:03:31,qa9,pt,pt-intdev9-rk1
2023-10-08 18:03:33,qa9,we,we-intdev9-rk1
2023-10-08 18:03:34,qa9,ws,ws-intdev9-rk1
2023-10-08 18:04:08,qa99,gr,gr-qa99-sac1v
2023-10-08 18:04:13,qa99,rj,rj-qa99-sac1v
2023-10-08 20:11:05,rgs1,gr,gr-rgs1-rk1v
2023-10-08 20:11:08,rgs1,mg,mg-rgs1-rk1v
2023-10-08 20:11:11,rgs1,pb,pb-rgs1-rk1v
2023-10-08 20:11:14,rgs1,pk,pk-rgs1-rk1v
2023-10-08 20:11:17,rgs1,pt,pt-rgs1-rk1v
2023-10-08 20:11:21,rgs1,rj,rj-rgs1-sac1v
2023-10-08 20:11:24,rgs1,we,we-rgs1-rk1v
2023-10-08 20:11:28,rgs1,ws,ws-rgs1-rk1v
2023-10-08 20:11:42,rgs2,mg,mg-rgs2-rk1v
2023-10-08 20:11:45,rgs2,pb,pb-rgs2-rk1v
2023-10-08 20:11:58,rgs2,pk,pk-rgs2-rk1v
2023-10-08 20:12:01,rgs2,pt,pt-rgs2-rk1v
2023-10-08 20:12:02,rgs2,we,we-rgs2-rk1v
2023-10-08 20:12:05,rgs2,ws,ws-rgs2-rk1v
2023-10-08 21:23:58,uat1,gr,gr-uat1-rk1
2023-10-08 21:24:00,uat1,mg,mg-uat1-rk1
2023-10-08 21:24:03,uat1,pb,pb-uat1-rk1
2023-10-08 21:24:05,uat1,pk,pk-uat1-rk1
2023-10-08 21:24:08,uat1,pt,pt-uat1-rk1
2023-10-08 21:24:10,uat1,rj,rj-uat1-sac1v
2023-10-08 21:24:13,uat1,we,we-uat1-rk1
2023-10-08 21:24:15,uat1,ws,ws-uat1-rk1
2023-10-02 20:51:39,uat2,mg,mg-uat2-rk1
2023-10-02 20:51:53,uat2,pb,pb-uat2-rk1
2023-10-02 20:51:55,uat2,pk,pk-uat2-rk1
2023-10-02 20:51:58,uat2,pt,pt-uat2-rk1
2023-10-02 20:52:01,uat2,rj,rj-uat2-sac1v
2023-10-02 20:52:04,uat2,we,we-uat2-rk1
2023-10-02 20:52:06,uat2,ws,ws-uat2-rk1
2023-10-04 01:28:10,uat3,gr,gr-uat3-sac1v
2023-10-04 01:29:04,uat3,mg,mg-uat3-rk1v
2023-10-04 01:29:58,uat3,pb,pb-uat3-rk1v
2023-10-04 01:30:01,uat3,pk,pk-uat3-rk1v
2023-10-04 01:30:55,uat3,pt,pt-uat3-rk1v
2023-10-04 01:31:49,uat3,rj,rj-uat3-sac1v
2023-10-04 01:32:43,uat3,we,we-uat3-rk1v
2023-10-04 01:32:48,uat3,ws,ws-uat3-rk1v
2023-10-03 08:44:14,uat4,mg,mg-uat4-rk1
2023-10-03 08:44:17,uat4,pb,pb-uat4-rk1
2023-10-03 08:44:21,uat4,pk,pk-uat4-rk1
2023-10-03 08:44:23,uat4,pt,pt-uat4-rk1
2023-10-03 08:44:25,uat4,rj,rj-uat4-sac1v
2023-10-03 08:44:28,uat4,we,we-uat4-rk1
2023-10-03 08:44:30,uat4,ws,ws-uat4-rk1
2023-10-08 14:32:47,uat5,mg,mg-uat5-rk1
2023-10-08 14:32:50,uat5,pb,pb-uat5-rk1
2023-10-08 14:32:53,uat5,pk,pk-uat5-rk1
2023-10-08 14:32:56,uat5,pt,pt-uat5-rk1
2023-10-08 14:32:58,uat5,we,we-uat5-rk1
2023-10-08 14:33:02,uat5,ws,ws-uat5-rk1
2023-10-02 20:54:40,uat6,mg,mg-uat6-rk1v
2023-10-02 20:54:42,uat6,pb,pb-uat6-rk1v
2023-10-02 20:54:44,uat6,pk,pk-uat6-rk1v
2023-10-02 20:54:46,uat6,pt,pt-uat6-rk1v
2023-10-02 20:54:48,uat6,rj,rj-uat6-sac1v
2023-10-02 20:54:50,uat6,we,we-uat6-rk1v
2023-10-02 20:54:52,uat6,ws,ws-uat6-rk1v
2023-10-02 20:55:22,uat7,mg,mg-uat7-rk1v
2023-10-02 20:55:28,uat7,pb,pb-uat7-rk1v
2023-10-02 20:55:31,uat7,pk,pk-uat7-rk1v
2023-10-02 20:55:33,uat7,pt,pt-uat7-rk1v
2023-10-02 20:55:35,uat7,rj,rj-uat7-sac1v
2023-10-02 20:55:37,uat7,we,we-uat7-rk1v
2023-10-02 20:55:39,uat7,ws,ws-uat7-rk1v
2023-10-02 20:55:52,uat8,gr,gr-uat8-rk1v
2023-10-02 20:55:54,uat8,mg,mg-uat8-rk1v
2023-10-02 20:55:56,uat8,pb,pb-uat8-rk1v
2023-10-02 20:55:58,uat8,pk,pk-uat8-rk1v
2023-10-02 20:56:00,uat8,pt,pt-uat8-rk1v
2023-10-02 20:56:02,uat8,rj,rj-uat8-rk1v
2023-10-02 20:56:04,uat8,we,we-uat8-rk1v
2023-10-02 20:56:06,uat8,ws,ws-uat8-rk1v
