2023-10-08 13:56:56,bpv,gr,ws_app_owner,ws_app_owner,webqa2,ws_app_owner:webqa2,ws_app_owner:webqa2,ws_app_owner:webqa2,ws_app_owner:webqa2
2023-10-08 13:57:07,bpv,mg,ws_app_owner,ws_app_owner,webqa2,ws_app_owner:webqa2,ws_app_owner:webqa2,ws_app_owner:webqa2,ws_app_owner:webqa2
2023-10-08 13:57:17,bpv,pb,ws_app_owner,ws_app_owner,webqa2,ws_app_owner:webqa2,ws_app_owner:webqa2,ws_app_owner:webqa2,ws_app_owner:webqa2
2023-10-08 13:57:30,bpv,pk,ws_app_owner,ws_app_owner,webqa2,ws_app_owner:webqa2,ws_app_owner:webqa2,ws_app_owner:webqa2,ws_app_owner:webqa2
2023-10-08 13:57:42,bpv,pt,ws_app_owner,ws_app_owner,webqa2,ws_app_owner:webqa2,ws_app_owner:webqa2,ws_app_owner:webqa2,ws_app_owner:webqa2
2023-10-08 13:57:54,bpv,rj,ws_app_owner,ws_app_owner,webqa2,ws_app_owner:webqa2,ws_app_owner:webqa2,ws_app_owner:webqa2,ws_app_owner:webqa2
2023-10-08 13:58:04,bpv,we,ws_app_owner,ws_app_owner,webqa2,ws_app_owner:webqa2,ws_app_owner:webqa2,ws_app_owner:webqa2,ws_app_owner:webqa2
2023-10-08 13:58:16,bpv,ws,ws_app_owner,ws_app_owner,webqa2,ws_app_owner:webqa2,ws_app_owner:webqa2,ws_app_owner:webqa2,ws_app_owner:webqa2
2023-10-08 21:20:20,cabpv,mg,ws_app_owner,,webqa2,ws_app_owner:webqa2,dtcmou_app_owner:webqa2,ws_app_owner:webqa2,ws_app_owner:webqa2
2023-10-08 21:21:21,cabpv,pb,ws_app_owner,ws_app_owner,webqa2,ws_app_owner:webqa2,dtcmou_app_owner:webqa2,ws_app_owner:webqa2,ws_app_owner:webqa2
2023-10-08 21:21:30,cabpv,pk,ws_app_owner,ws_app_owner,webqa2,ws_app_owner:webqa2,dtcmou_app_owner:webqa2,ws_app_owner:webqa2,ws_app_owner:webqa2
2023-10-08 21:21:40,cabpv,pt,ws_app_owner,ws_app_owner,webqa2,ws_app_owner:webqa2,dtcmou_app_owner:webqa2,ws_app_owner:webqa2,ws_app_owner:webqa2
2023-10-08 21:21:49,cabpv,rj,ws_app_owner,ws_app_owner,webqa2,ws_app_owner:webqa2,dtcmou_app_owner:webqa2,ws_app_owner:webqa2,ws_app_owner:webqa2
2023-10-08 21:22:00,cabpv,we,ws_app_owner,ws_app_owner,webqa2,ws_app_owner:webqa2,dtcmou_app_owner:webqa2,ws_app_owner:webqa2,ws_app_owner:webqa2
2023-10-08 21:22:09,cabpv,ws,ws_app_owner,ws_app_owner,webqa2,ws_app_owner:webqa2,dtcmou_app_owner:webqa2,ws_app_owner:webqa2,ws_app_owner:webqa2
2023-10-08 16:56:37,caint3,mg,dtc_app_owner,ws_app_owner,webqa2,dtc_app_owner:webqa2,dtc_app_owner:webqa2,dtc_app_owner:webqa2,dtc_app_owner:webqa2
2023-10-08 16:56:47,caint3,pb,dtc_app_owner,,webqa2,dtc_app_owner:webqa2,dtc_app_owner:webqa2,dtc_app_owner:webqa2,dtc_app_owner:webqa2
2023-10-08 16:57:26,caint3,pk,dtc_app_owner,ws_app_owner,webqa2,dtc_app_owner:webqa2,dtc_app_owner:webqa2,dtc_app_owner:webqa2,dtc_app_owner:webqa2
2023-10-08 16:57:37,caint3,pt,dtc_app_owner,ws_app_owner,webqa2,dtc_app_owner:webqa2,dtc_app_owner:webqa2,dtc_app_owner:webqa2,dtc_app_owner:webqa2
2023-10-08 16:57:47,caint3,rj,dtc_app_owner,ws_app_owner,webqa2,dtc_app_owner:webqa2,dtc_app_owner:webqa2,dtc_app_owner:webqa2,dtc_app_owner:webqa2
2023-10-08 16:57:57,caint3,we,dtc_app_owner,ws_app_owner,webqa2,dtc_app_owner:webqa2,dtc_app_owner:webqa2,dtc_app_owner:webqa2,dtc_app_owner:webqa2
2023-10-08 16:58:06,caint3,ws,dtc_app_owner,ws_app_owner,webqa2,dtc_app_owner:webqa2,dtc_app_owner:webqa2,dtc_app_owner:webqa2,dtc_app_owner:webqa2
2023-10-08 15:56:40,caint4,mg,dtc_app_owner,,webqa2,dtc_app_owner:webqa2,dtc_app_owner:webqa2,dtc_app_owner:webqa2,dtc_app_owner:webqa2
2023-10-08 15:56:50,caint4,pb,dtc_app_owner,,webqa2,dtc_app_owner:webqa2,dtc_app_owner:webqa2,dtc_app_owner:webqa2,dtc_app_owner:webqa2
2023-10-08 15:56:59,caint4,pk,dtc_app_owner,,webqa2,dtc_app_owner:webqa2,dtc_app_owner:webqa2,dtc_app_owner:webqa2,dtc_app_owner:webqa2
2023-10-08 15:57:09,caint4,pt,dtc_app_owner,dtc_app_owner,webqa2,dtc_app_owner:webqa2,dtc_app_owner:webqa2,dtc_app_owner:webqa2,dtc_app_owner:webqa2
2023-10-08 15:57:18,caint4,rj,dtc_app_owner,,webqa2,dtc_app_owner:webqa2,dtc_app_owner:webqa2,dtc_app_owner:webqa2,dtc_app_owner:webqa2
2023-10-08 15:57:27,caint4,we,dtc_app_owner,dtc_app_owner,webqa2,dtc_app_owner:webqa2,dtc_app_owner:webqa2,dtc_app_owner:webqa2,dtc_app_owner:webqa2
2023-10-08 15:57:36,caint4,ws,dtc_app_owner,,webqa2,dtc_app_owner:webqa2,dtc_app_owner:webqa2,dtc_app_owner:webqa2,dtc_app_owner:webqa2
2023-10-08 15:20:20,caint5,mg,dtc_app_owner,,webqa2
2023-10-08 15:20:22,caint5,pb,dtc_app_owner,,webqa2
2023-10-08 15:20:23,caint5,pk,dtc_app_owner,,webqa2
2023-10-08 15:20:25,caint5,pt,dtc_app_owner,,webqa2
2023-10-08 03:58:15,caint5,rj,dtc_app_owner,,webqa2,dtc_app_owner:webqa2,dtc_app_owner:webqa2,dtc_app_owner:webqa2,dtc_app_owner:webqa2
2023-10-08 15:20:26,caint5,we,dtc_app_owner,,webqa2
2023-10-08 15:20:28,caint5,ws,dtc_app_owner,,webqa2
2023-10-08 23:18:17,caperf,pb,ecom_can_prf,ecom_can_prf,webprf,ecom_can_prf:webprf,ecom_can_prf:webprf,,ecom_can_prf:webprf
2023-10-08 23:18:26,caperf,pk,ecom_can_prf,ecom_can_prf,webprf,ecom_can_prf:webprf,ecom_can_prf:webprf,,ecom_can_prf:webprf
2023-10-08 23:18:36,caperf,pt,ecom_can_prf,,webprf,ecom_can_prf:webprf,ecom_can_prf:webprf,,ecom_can_prf:webprf
2023-10-08 23:18:45,caperf,we,ecom_can_prf,ecom_can_prf,webprf,ecom_can_prf:webprf,ecom_can_prf:webprf,,ecom_can_prf:webprf
2023-10-08 23:18:55,caperf,ws,ecom_can_prf,ecom_can_prf,webprf,ecom_can_prf:webprf,ecom_can_prf:webprf,,ecom_can_prf:webprf
2023-10-09 04:11:24,caqa10,pb,dtcmou_app_owner,dtcmou_app_owner,webqa2
2023-10-09 04:11:26,caqa10,pk,dtcmou_app_owner,dtcmou_app_owner,webqa2
2023-10-09 04:11:27,caqa10,pt,dtcmou_app_owner,dtcmou_app_owner,webqa2
2023-10-09 04:11:29,caqa10,we,dtcmou_app_owner,dtcmou_app_owner,webqa2
2023-10-09 04:11:30,caqa10,ws,dtcmou_app_owner,dtcmou_app_owner,webqa2
2023-10-09 04:11:36,caqa11,pb,dtc_app_owner,dtc_app_owner,webqa2
2023-10-09 04:11:37,caqa11,pk,dtc_app_owner,,webqa2
2023-10-09 04:11:39,caqa11,pt,dtc_app_owner,,webqa2
2023-10-09 04:11:40,caqa11,we,dtc_app_owner,,webqa2
2023-10-09 04:11:42,caqa11,ws,dtc_app_owner,,webqa2
2023-10-09 02:57:40,caqa31,pb,eqa3_app_owner,eqa3_app_owner,webqa2
2023-10-09 02:57:41,caqa31,pk,eqa3_app_owner,eqa3_app_owner,webqa2
2023-10-09 02:57:43,caqa31,pt,eqa3_app_owner,eqa3_app_owner,webqa2
2023-10-09 02:57:44,caqa31,we,eqa3_app_owner,eqa3_app_owner,webqa2
2023-10-09 02:57:46,caqa31,ws,eqa3_app_owner,eqa3_app_owner,webqa2
2023-10-09 02:30:06,cargs1,mg,dtc_app_owner,dtc_app_owner,webqa2
2023-10-09 02:30:07,cargs1,pb,dtc_app_owner,dtc_app_owner,webqa2
2023-10-09 02:30:09,cargs1,pk,dtc_app_owner,dtc_app_owner,webqa2
2023-10-09 02:30:10,cargs1,pt,dtc_app_owner,dtc_app_owner,webqa2
2023-10-08 20:17:39,cargs1,rj,dtc_app_owner,dtc_app_owner,webqa2,dtc_app_owner:webqa2,dtc_app_owner:webqa2,dtc_app_owner:webqa2,dtc_app_owner:webqa2
2023-10-09 02:30:12,cargs1,we,dtc_app_owner,dtc_app_owner,webqa2
2023-10-09 02:30:13,cargs1,ws,dtc_app_owner,dtc_app_owner,webqa2
2023-10-08 21:27:37,cauat1,pb,ws_app_owner,ws_app_owner,webqa2,ws_app_owner:webqa2,ws_app_owner:webqa2,ws_app_owner:webqa2,ws_app_owner:webqa2
2023-10-08 21:27:48,cauat1,pk,ws_app_owner,,webqa2,ws_app_owner:webqa2,ws_app_owner:webqa2,ws_app_owner:webqa2,ws_app_owner:webqa2
2023-10-08 21:27:58,cauat1,pt,ws_app_owner,ws_app_owner,webqa2,ws_app_owner:webqa2,ws_app_owner:webqa2,ws_app_owner:webqa2,ws_app_owner:webqa2
2023-10-08 21:28:09,cauat1,we,ws_app_owner,ws_app_owner,webqa2,ws_app_owner:webqa2,ws_app_owner:webqa2,ws_app_owner:webqa2,ws_app_owner:webqa2
2023-10-08 21:28:18,cauat1,ws,ws_app_owner,ws_app_owner,webqa2,ws_app_owner:webqa2,ws_app_owner:webqa2,ws_app_owner:webqa2,ws_app_owner:webqa2
2023-10-08 13:03:35,cauat2,pb,ws_app_owner,ws_app_owner,webqa2
2023-10-08 13:03:37,cauat2,pk,ws_app_owner,ws_app_owner,webqa2
2023-10-08 13:03:39,cauat2,pt,ws_app_owner,,webqa2
2023-10-08 13:03:41,cauat2,we,ws_app_owner,ws_app_owner,webqa2
2023-10-08 13:03:43,cauat2,ws,ws_app_owner,ws_app_owner,webqa2
2023-10-09 00:19:02,cauat3,mg,ws_app_owner,ws_app_owner,webqa2
2023-10-09 00:19:03,cauat3,pb,ws_app_owner,ws_app_owner,webqa2
2023-10-09 00:19:05,cauat3,pk,ws_app_owner,ws_app_owner,webqa2
2023-10-09 00:19:06,cauat3,pt,ws_app_owner,ws_app_owner,webqa2
2023-10-08 14:31:42,cauat3,rj,ws_app_owner,ws_app_owner,webqa2,ws_app_owner:webqa2,ws_app_owner:webqa2,ws_app_owner:webqa2,ws_app_owner:webqa2
2023-10-09 00:19:08,cauat3,we,ws_app_owner,ws_app_owner,webqa2
2023-10-09 00:19:09,cauat3,ws,ws_app_owner,,webqa2
2023-10-08 13:04:06,cauat4,pb,ws_app_owner,ws_app_owner,webqa2
2023-10-08 13:04:08,cauat4,pk,ws_app_owner,ws_app_owner,webqa2
2023-10-08 13:04:10,cauat4,pt,ws_app_owner,ws_app_owner,webqa2
2023-10-08 13:04:12,cauat4,we,ws_app_owner,ws_app_owner,webqa2
2023-10-08 13:04:14,cauat4,ws,ws_app_owner,ws_app_owner,webqa2
2023-10-08 13:04:20,cauat6,pb,ws_app_owner,ws_app_owner,webqa2
2023-10-08 13:04:22,cauat6,pk,ws_app_owner,,webqa2
2023-10-08 13:04:24,cauat6,pt,ws_app_owner,ws_app_owner,webqa2
2023-10-08 13:04:26,cauat6,we,ws_app_owner,ws_app_owner,webqa2
2023-10-08 13:04:27,cauat6,ws,ws_app_owner,ws_app_owner,webqa2
2023-10-08 13:04:34,cauat7,pb,ws_app_owner,ws_app_owner,webqa2
2023-10-08 13:04:36,cauat7,pk,ws_app_owner,ws_app_owner,webqa2
2023-10-08 13:04:37,cauat7,pt,ws_app_owner,ws_app_owner,webqa2
2023-10-08 13:04:39,cauat7,we,ws_app_owner,ws_app_owner,webqa2
2023-10-08 13:04:41,cauat7,ws,ws_app_owner,ws_app_owner,webqa2
2023-10-08 15:20:34,int1,mg,ws_app_owner,ws_app_owner,veqa1
2023-10-08 15:20:36,int1,pb,ws_app_owner,,veqa1
2023-10-08 15:21:29,int1,pk,ws_app_owner,ws_app_owner,veqa1
2023-10-08 15:21:32,int1,pt,ws_app_owner,ws_app_owner,veqa1
2023-10-08 15:21:34,int1,we,ws_app_owner,ws_app_owner,veqa1
2023-10-08 15:21:37,int1,ws,ws_app_owner,ws_app_owner,veqa1
2023-10-08 15:21:44,int2,mg,ws_app_owner,ws_app_owner,veqa2
2023-10-08 15:21:46,int2,pb,ws_app_owner,,veqa2
2023-10-08 15:21:48,int2,pk,ws_app_owner,ws_app_owner,veqa2
2023-10-08 15:21:50,int2,pt,ws_app_owner,ws_app_owner,veqa2
2023-10-08 15:21:52,int2,we,ws_app_owner,ws_app_owner,veqa2
2023-10-08 15:22:05,int2,ws,ws_app_owner,,veqa2
2023-10-08 16:58:17,int3,gr,ws_app_owner,ws_app_owner,veqa2,ws_app_owner:veqa2,ws_app_owner:veqa2,ws_app_owner:veqa2,ws_app_owner:veqa2
2023-10-08 16:58:28,int3,mg,ws_app_owner,ws_app_owner,veqa2,ws_app_owner:veqa2,ws_app_owner:veqa2,ws_app_owner:veqa2,ws_app_owner:veqa2
2023-10-08 16:58:40,int3,pb,ws_app_owner,ws_app_owner,veqa2,ws_app_owner:veqa2,ws_app_owner:veqa2,ws_app_owner:veqa2,ws_app_owner:veqa2
2023-10-08 16:58:51,int3,pk,ws_app_owner,ws_app_owner,veqa2,ws_app_owner:veqa2,ws_app_owner:veqa2,ws_app_owner:veqa2,ws_app_owner:veqa2
2023-10-08 16:59:02,int3,pt,ws_app_owner,ws_app_owner,veqa2,ws_app_owner:veqa2,ws_app_owner:veqa2,ws_app_owner:veqa2,ws_app_owner:veqa2
2023-10-08 16:59:13,int3,rj,ws_app_owner,ws_app_owner,veqa2,ws_app_owner:veqa2,ws_app_owner:veqa2,ws_app_owner:veqa2,ws_app_owner:veqa2
2023-10-08 16:59:23,int3,we,ws_app_owner,,veqa2,ws_app_owner:veqa2,ws_app_owner:veqa2,ws_app_owner:veqa2,ws_app_owner:veqa2
2023-10-08 17:00:25,int3,ws,ws_app_owner,ws_app_owner,veqa2,ws_app_owner:veqa2,ws_app_owner:veqa2,ws_app_owner:veqa2,ws_app_owner:veqa2
2023-10-08 15:57:46,int4,gr,ws_app_owner,,webqa2,ws_app_owner:webqa2,ws_app_owner:veqa1,,ws_app_owner:veqa1
2023-10-08 15:58:01,int4,mg,ws_app_owner,ws_app_owner,webqa2,ws_app_owner:webqa2,ws_app_owner:veqa1,ws_app_owner:veqa1,ws_app_owner:veqa1
2023-10-08 15:58:13,int4,pb,ws_app_owner,ws_app_owner,webqa2,ws_app_owner:webqa2,ws_app_owner:veqa1,ws_app_owner:veqa1,ws_app_owner:veqa1
2023-10-08 15:58:25,int4,pk,ws_app_owner,ws_app_owner,webqa2,ws_app_owner:webqa2,ws_app_owner:veqa1,ws_app_owner:veqa1,ws_app_owner:veqa1
2023-10-08 15:58:36,int4,pt,ws_app_owner,ws_app_owner,webqa2,ws_app_owner:webqa2,ws_app_owner:veqa1,ws_app_owner:veqa1,ws_app_owner:veqa1
2023-10-08 15:58:46,int4,rj,ws_app_owner,ws_app_owner,webqa2,ws_app_owner:webqa2,ws_app_owner:veqa1,,ws_app_owner:veqa1
2023-10-08 15:58:56,int4,we,ws_app_owner,ws_app_owner,webqa2,ws_app_owner:webqa2,ws_app_owner:veqa1,ws_app_owner:veqa1,ws_app_owner:veqa1
2023-10-08 15:59:08,int4,ws,ws_app_owner,ws_app_owner,webqa2,ws_app_owner:webqa2,ws_app_owner:veqa1,ws_app_owner:veqa1,ws_app_owner:veqa1
2023-10-07 15:52:08,int5,gr,ws_app_owner,,webqa2,ws_app_owner:webqa2,ws_app_owner:veqa1,ws_app_owner:veqa1,ws_app_owner:veqa1
2023-10-08 15:26:13,int5,mg,ws_app_owner,ws_app_owner,webqa2
2023-10-08 15:26:15,int5,pb,ws_app_owner,ws_app_owner,webqa2
2023-10-08 15:26:19,int5,pk,ws_app_owner,ws_app_owner,webqa2
2023-10-08 15:26:22,int5,pt,ws_app_owner,,webqa2
2023-10-07 15:52:59,int5,rj,ws_app_owner,ws_app_owner,webqa2,ws_app_owner:webqa2,ws_app_owner:veqa1,ws_app_owner:veqa1,ws_app_owner:veqa1
2023-10-08 15:26:24,int5,we,ws_app_owner,ws_app_owner,webqa2
2023-10-08 15:26:27,int5,ws,ws_app_owner,ws_app_owner,webqa2
2023-10-08 15:26:35,int6,mg,ws_app_owner,,veqa1
2023-10-08 15:26:36,int6,pb,ws_app_owner,,veqa1
2023-10-08 15:26:38,int6,pk,ws_app_owner,ws_app_owner,veqa1
2023-10-08 15:26:42,int6,pt,ws_app_owner,ws_app_owner,veqa1
2023-10-08 15:26:45,int6,we,ws_app_owner,ws_app_owner,veqa1
2023-10-08 15:26:49,int6,ws,ws_app_owner,ws_app_owner,veqa1
2023-10-08 15:26:58,int7,mg,ws_app_owner,ws_app_owner,veqa1
2023-10-08 15:27:00,int7,pb,ws_app_owner,ws_app_owner,veqa1
2023-10-08 15:27:01,int7,pk,ws_app_owner,ws_app_owner,veqa1
2023-10-08 15:27:03,int7,pt,ws_app_owner,ws_app_owner,veqa1
2023-10-08 15:27:05,int7,we,ws_app_owner,,veqa1
2023-10-08 15:27:07,int7,ws,ws_app_owner,,veqa1
2023-10-08 23:19:06,perf,mg,ws_app_owner,ws_app_owner,webprf,ws_app_owner:webprf,ws_app_owner:webprf,,ws_app_owner:webprfscan
2023-10-08 23:19:17,perf,pb,ws_app_owner,ws_app_owner,webprf,ws_app_owner:webprf,ws_app_owner:webprf,,ws_app_owner:webprfscan
2023-10-08 23:19:27,perf,pk,ws_app_owner,ws_app_owner,webprf,ws_app_owner:webprf,ws_app_owner:webprf,,ws_app_owner:webprfscan
2023-10-08 23:19:38,perf,pt,ws_app_owner,ws_app_owner,webprf,ws_app_owner:webprf,ws_app_owner:webprf,,ws_app_owner:webprfscan
2023-10-08 23:19:49,perf,rj,ws_app_owner,ws_app_owner,webprf,ws_app_owner:webprf,ws_app_owner:webprf,,ws_app_owner:webprfscan
2023-10-08 23:19:59,perf,we,ws_app_owner,ws_app_owner,webprf,ws_app_owner:webprf,ws_app_owner:webprf,,ws_app_owner:webprfscan
2023-10-08 23:20:10,perf,ws,ws_app_owner,ws_app_owner,webprf,ws_app_owner:webprf,ws_app_owner:webprf,,ws_app_owner:webprfscan
2023-10-09 04:11:47,qa1,mg,eqa3_app_owner,eqa3_app_owner,webqa2
2023-10-09 04:11:49,qa1,pb,eqa3_app_owner,eqa3_app_owner,webqa2
2023-10-09 04:11:52,qa1,pk,eqa3_app_owner,eqa3_app_owner,webqa2
2023-10-09 04:11:55,qa1,pt,eqa3_app_owner,eqa3_app_owner,webqa2
2023-10-09 04:11:57,qa1,we,eqa3_app_owner,eqa3_app_owner,webqa2
2023-10-09 04:12:00,qa1,ws,eqa3_app_owner,eqa3_app_owner,webqa2
2023-02-08 12:08:24,qa10,gr,ws_app_owner,,veqa1
2023-10-09 04:12:07,qa10,mg,ws_app_owner,ws_app_owner,veqa2
2023-10-09 04:12:08,qa10,pb,ws_app_owner,ws_app_owner,veqa2
2023-10-09 04:12:11,qa10,pk,ws_app_owner,ws_app_owner,veqa2
2023-10-09 04:12:12,qa10,pt,ws_app_owner,ws_app_owner,veqa2
2023-10-08 22:46:20,qa10,rj,ws_app_owner,ws_app_owner,veqa2,ws_app_owner:veqa2,ws_app_owner:veqa2,ws_app_owner:veqa2,ws_app_owner:veqa2
2023-10-09 04:12:14,qa10,we,ws_app_owner,ws_app_owner,veqa2
2023-10-09 04:12:16,qa10,ws,ws_app_owner,ws_app_owner,veqa2
2023-10-09 04:12:23,qa11,mg,ws_app_owner,ws_app_owner,veqa1
2023-10-09 04:12:24,qa11,pb,ws_app_owner,ws_app_owner,veqa1
2023-10-09 04:12:27,qa11,pk,ws_app_owner,ws_app_owner,veqa1
2023-10-09 04:12:29,qa11,pt,ws_app_owner,ws_app_owner,veqa1
2023-10-08 22:48:42,qa11,rj,ws_app_owner,ws_app_owner,veqa1,ws_app_owner:veqa1,ws_app_owner:veqa1,ws_app_owner:veqa1,ws_app_owner:veqa1
2023-10-09 04:12:31,qa11,we,ws_app_owner,ws_app_owner,veqa1
2023-10-09 04:12:33,qa11,ws,ws_app_owner,ws_app_owner,veqa1
2023-10-09 04:12:40,qa12,mg,ws_app_owner,,webqa2
2023-10-09 04:12:41,qa12,pb,ws_app_owner,,webqa2
2023-10-09 04:13:16,qa12,pk,ws_app_owner,ws_app_owner,webqa2
2023-10-09 04:13:19,qa12,pt,ws_app_owner,ws_app_owner,webqa2
2023-10-09 04:13:21,qa12,we,ws_app_owner,ws_app_owner,webqa2
2023-10-09 04:13:24,qa12,ws,ws_app_owner,ws_app_owner,webqa2
2023-10-09 04:13:32,qa13,mg,ws_app_owner,ws_app_owner,veqa2
2023-10-09 04:13:34,qa13,pb,ws_app_owner,ws_app_owner,veqa2
2023-10-09 04:13:36,qa13,pk,ws_app_owner,ws_app_owner,veqa2
2023-10-09 04:13:38,qa13,pt,ws_app_owner,ws_app_owner,veqa2
2023-10-09 04:13:40,qa13,we,ws_app_owner,ws_app_owner,veqa2
2023-10-09 04:13:42,qa13,ws,ws_app_owner,ws_app_owner,veqa2
2023-10-09 04:13:48,qa14,mg,ws_app_owner,ws_app_owner,webqa2
2023-10-09 04:13:50,qa14,pb,ws_app_owner,ws_app_owner,webqa2
2023-10-09 04:13:53,qa14,pk,ws_app_owner,,webqa2
2023-10-09 04:13:55,qa14,pt,ws_app_owner,ws_app_owner,webqa2
2023-10-08 22:52:57,qa14,rj,ws_app_owner,ws_app_owner,webqa2,ws_app_owner:webqa2,ws_app_owner:webqa2,,ws_app_owner:webqa2
2023-10-09 04:13:57,qa14,we,ws_app_owner,ws_app_owner,webqa2
2023-10-09 04:14:03,qa14,ws,ws_app_owner,ws_app_owner,webqa2
2023-10-09 04:14:10,qa15,mg,ws_app_owner,ws_app_owner,webqa2
2023-10-09 04:14:12,qa15,pb,ws_app_owner,,webqa2
2023-10-09 04:14:14,qa15,pk,ws_app_owner,ws_app_owner,webqa2
2023-10-09 04:14:16,qa15,pt,ws_app_owner,ws_app_owner,webqa2
2023-10-09 04:14:18,qa15,we,ws_app_owner,ws_app_owner,webqa2
2023-10-09 04:14:21,qa15,ws,ws_app_owner,ws_app_owner,webqa2
2023-10-09 04:14:28,qa16,mg,ws_app_owner,ws_app_owner,webqa2
2023-10-09 04:14:30,qa16,pb,ws_app_owner,ws_app_owner,webqa2
2023-10-09 04:14:33,qa16,pk,ws_app_owner,ws_app_owner,webqa2
2023-10-09 04:14:36,qa16,pt,ws_app_owner,ws_app_owner,webqa2
2023-10-09 04:14:38,qa16,we,ws_app_owner,ws_app_owner,webqa2
2023-10-09 04:14:41,qa16,ws,ws_app_owner,ws_app_owner,webqa2
2023-10-09 04:14:49,qa17,mg,ws_app_owner,ws_app_owner,veqa1
2023-10-09 04:14:51,qa17,pb,ws_app_owner,,veqa1
2023-10-09 04:15:44,qa17,pk,ws_app_owner,ws_app_owner,veqa1
2023-10-09 04:16:26,qa17,pt,ws_app_owner,ws_app_owner,veqa1
2023-10-09 04:16:28,qa17,we,ws_app_owner,,veqa1
2023-10-09 04:17:21,qa17,ws,ws_app_owner,ws_app_owner,veqa1
2023-10-09 04:17:31,qa18,mg,dtc_app_owner,dtc_app_owner,webqa2
2023-10-09 04:17:33,qa18,pb,dtc_app_owner,dtc_app_owner,webqa2
2023-10-09 04:17:39,qa18,pk,dtc_app_owner,dtc_app_owner,webqa2
2023-10-09 04:17:45,qa18,pt,dtc_app_owner,dtc_app_owner,webqa2
2023-10-09 04:17:52,qa18,we,dtc_app_owner,dtc_app_owner,webqa2
2023-10-09 04:17:55,qa18,ws,dtc_app_owner,dtc_app_owner,webqa2
2023-10-09 04:18:16,qa19,mg,ws_app_owner,ws_app_owner,webqa2
2023-10-09 04:18:18,qa19,pb,ws_app_owner,,webqa2
2023-10-09 04:19:11,qa19,pk,ws_app_owner,ws_app_owner,webqa2
2023-10-09 04:19:14,qa19,pt,ws_app_owner,ws_app_owner,webqa2
2023-10-09 04:19:19,qa19,we,ws_app_owner,ws_app_owner,webqa2
2023-10-09 04:19:21,qa19,ws,ws_app_owner,ws_app_owner,webqa2
2023-10-09 01:47:44,qa2,mg,ws_app_owner,ws_app_owner,webqa2,ws_app_owner:webqa2,ws_app_owner:webqa2,ws_app_owner:webqa2,ws_app_owner:webqa2
2023-10-09 01:47:54,qa2,pb,ws_app_owner,,webqa2,ws_app_owner:webqa2,ws_app_owner:webqa2,ws_app_owner:webqa2,ws_app_owner:webqa2
2023-10-09 01:48:57,qa2,pk,ws_app_owner,ws_app_owner,webqa2,ws_app_owner:webqa2,ws_app_owner:webqa2,ws_app_owner:webqa2,ws_app_owner:webqa2
2023-10-09 01:49:08,qa2,pt,ws_app_owner,ws_app_owner,webqa2,ws_app_owner:webqa2,ws_app_owner:webqa2,ws_app_owner:webqa2,ws_app_owner:webqa2
2023-10-09 01:49:19,qa2,rj,ws_app_owner,ws_app_owner,webqa2,ws_app_owner:webqa2,ws_app_owner:webqa2,,ws_app_owner:webqa2
2023-10-09 01:49:31,qa2,we,ws_app_owner,ws_app_owner,webqa2,ws_app_owner:webqa2,ws_app_owner:webqa2,ws_app_owner:webqa2,ws_app_owner:webqa2
2023-10-09 01:49:43,qa2,ws,ws_app_owner,ws_app_owner,webqa2,ws_app_owner:webqa2,ws_app_owner:webqa2,ws_app_owner:webqa2,ws_app_owner:webqa2
2023-10-09 02:03:52,qa20,mg,ws_app_owner,ws_app_owner,webqa2,ws_app_owner:webqa2,ws_app_owner:webqa2,r1_app_owner:webqa1r1
2023-10-09 02:04:04,qa20,pb,ws_app_owner,ws_app_owner,webqa2,ws_app_owner:webqa2,ws_app_owner:webqa2,r1_app_owner:webqa1r1
2023-10-09 02:04:16,qa20,pk,ws_app_owner,ws_app_owner,webqa2,ws_app_owner:webqa2,ws_app_owner:webqa2,r1_app_owner:webqa1r1
2023-10-09 02:04:28,qa20,pt,ws_app_owner,ws_app_owner,webqa2,ws_app_owner:webqa2,ws_app_owner:webqa2,r1_app_owner:webqa1r1
2023-10-09 02:04:41,qa20,we,ws_app_owner,ws_app_owner,webqa2,ws_app_owner:webqa2,ws_app_owner:webqa2,r1_app_owner:webqa1r1
2023-10-09 02:04:55,qa20,ws,ws_app_owner,ws_app_owner,webqa2,ws_app_owner:webqa2,ws_app_owner:webqa2,r1_app_owner:webqa1r1
2023-10-09 02:05:18,qa21,mg,dtc_app_owner,dtc_app_owner,webqa2,dtc_app_owner:webqa2,dtc_app_owner:webqa2,dtc_app_owner:webqa2,ws_app_owner:webqa2
2023-10-09 02:05:29,qa21,pb,dtc_app_owner,dtc_app_owner,webqa2,dtc_app_owner:webqa2,dtc_app_owner:webqa2,dtc_app_owner:webqa2,dtc_app_owner:webqa2
2023-10-09 02:05:39,qa21,pk,dtc_app_owner,dtc_app_owner,webqa2,dtc_app_owner:webqa2,dtc_app_owner:webqa2,dtc_app_owner:webqa2,dtc_app_owner:webqa2
2023-10-09 02:05:52,qa21,pt,dtc_app_owner,dtc_app_owner,webqa2,dtc_app_owner:webqa2,dtc_app_owner:webqa2,dtc_app_owner:webqa2,dtc_app_owner:webqa2
2023-10-09 02:06:04,qa21,we,dtc_app_owner,dtc_app_owner,webqa2,dtc_app_owner:webqa2,dtc_app_owner:webqa2,dtc_app_owner:webqa2,dtc_app_owner:webqa2
2023-10-09 02:06:15,qa21,ws,dtc_app_owner,dtc_app_owner,webqa2,dtc_app_owner:webqa2,dtc_app_owner:webqa2,dtc_app_owner:webqa2,dtc_app_owner:webqa2
2023-10-09 02:06:36,qa22,mg,ws_app_owner,ws_app_owner,webqa2,ws_app_owner:webqa2,ws_app_owner:webqa2,ws_app_owner:webqa2,ws_app_owner:webqa2
2023-10-09 02:06:47,qa22,pb,ws_app_owner,ws_app_owner,webqa2,ws_app_owner:webqa2,ws_app_owner:webqa2,ws_app_owner:webqa2,ws_app_owner:webqa2
2023-10-09 02:07:01,qa22,pk,ws_app_owner,ws_app_owner,webqa2,ws_app_owner:webqa2,ws_app_owner:webqa2,ws_app_owner:webqa2,ws_app_owner:webqa2
2023-10-09 02:07:14,qa22,pt,ws_app_owner,ws_app_owner,webqa2,ws_app_owner:webqa2,ws_app_owner:webqa2,ws_app_owner:webqa2,ws_app_owner:webqa2
2023-10-09 02:07:25,qa22,we,ws_app_owner,,webqa2,ws_app_owner:webqa2,ws_app_owner:webqa2,ws_app_owner:webqa2,ws_app_owner:webqa2
2023-10-09 02:08:27,qa22,ws,ws_app_owner,,webqa2,ws_app_owner:webqa2,ws_app_owner:webqa2,ws_app_owner:webqa2,ws_app_owner:webqa2
2023-10-09 02:09:40,qa23,mg,ws_app_owner,,webqa2,ws_app_owner:webqa2,ws_app_owner:webqa2,r1_app_owner:webqa1r1
2023-10-09 02:09:51,qa23,pb,ws_app_owner,,webqa2,ws_app_owner:webqa2,ws_app_owner:webqa2,r1_app_owner:webqa1r1
2023-10-09 02:10:02,qa23,pk,ws_app_owner,,webqa2,ws_app_owner:webqa2,ws_app_owner:webqa2,r1_app_owner:webqa1r1
2023-10-09 02:10:13,qa23,pt,ws_app_owner,,webqa2,ws_app_owner:webqa2,ws_app_owner:webqa2,r1_app_owner:webqa1r1
2023-10-09 02:10:24,qa23,we,ws_app_owner,,webqa2,ws_app_owner:webqa2,ws_app_owner:webqa2,r1_app_owner:webqa1r1
2023-10-09 02:10:34,qa23,ws,ws_app_owner,,webqa2,ws_app_owner:webqa2,ws_app_owner:webqa2,r1_app_owner:webqa1r1
2023-10-09 02:10:54,qa24,mg,ws_app_owner,,webqa2,ws_app_owner:webqa2,ws_app_owner:webqa2,ws_app_owner:webqa2,ws_app_owner:webqa2
2023-10-09 02:11:05,qa24,pb,ws_app_owner,ws_app_owner,webqa2,ws_app_owner:webqa2,ws_app_owner:webqa2,ws_app_owner:webqa2,ws_app_owner:webqa2
2023-10-09 02:11:15,qa24,pk,ws_app_owner,ws_app_owner,webqa2,ws_app_owner:webqa2,ws_app_owner:webqa2,ws_app_owner:webqa2,ws_app_owner:webqa2
2023-10-09 02:11:25,qa24,pt,ws_app_owner,ws_app_owner,webqa2,ws_app_owner:webqa2,ws_app_owner:webqa2,ws_app_owner:webqa2,ws_app_owner:webqa2
2023-10-09 02:11:36,qa24,we,ws_app_owner,ws_app_owner,webqa2,ws_app_owner:webqa2,ws_app_owner:webqa2,ws_app_owner:webqa2,ws_app_owner:webqa2
2023-10-09 02:11:45,qa24,ws,ws_app_owner,ws_app_owner,webqa2,ws_app_owner:webqa2,ws_app_owner:webqa2,ws_app_owner:webqa2,ws_app_owner:webqa2
2023-10-09 02:12:05,qa25,mg,ws_app_owner,,webqa2,ws_app_owner:webqa2,ws_app_owner:webqa2,r1_app_owner:webqa1r1,ws_app_owner:webqa2
2023-10-09 02:12:14,qa25,pb,ws_app_owner,,webqa2,ws_app_owner:webqa2,ws_app_owner:webqa2,r1_app_owner:webqa1r1,ws_app_owner:webqa2
2023-10-09 02:12:23,qa25,pk,ws_app_owner,,webqa2,ws_app_owner:webqa2,ws_app_owner:webqa2,r1_app_owner:webqa1r1,ws_app_owner:webqa2
2023-10-09 02:12:32,qa25,pt,ws_app_owner,,webqa2,ws_app_owner:webqa2,ws_app_owner:webqa2,r1_app_owner:webqa1r1,ws_app_owner:webqa2
2023-10-09 02:12:42,qa25,we,ws_app_owner,,webqa2,ws_app_owner:webqa2,ws_app_owner:webqa2,r1_app_owner:webqa1r1,ws_app_owner:webqa2
2023-10-09 02:12:52,qa25,ws,ws_app_owner,,webqa2,ws_app_owner:webqa2,ws_app_owner:webqa2,r1_app_owner:webqa1r1,ws_app_owner:webqa2
2023-10-09 02:13:14,qa26,mg,dtcmou_app_owner,dtcmou_app_owner,webqa2,ws_app_owner:webqa2,dtcmou_app_owner:webqa2,dtcmou_app_owner:webqa2,r1_app_owner:webqa1
2023-10-09 02:13:25,qa26,pb,dtcmou_app_owner,dtcmou_app_owner,webqa2,dtcmou_app_owner:webqa2,dtcmou_app_owner:webqa2,dtcmou_app_owner:webqa2,dtcmou_app_owner:webqa2
2023-10-09 02:13:35,qa26,pk,dtcmou_app_owner,dtcmou_app_owner,webqa2,dtcmou_app_owner:webqa2,dtcmou_app_owner:webqa2,dtcmou_app_owner:webqa2,dtcmou_app_owner:webqa2
2023-10-09 02:13:46,qa26,pt,dtcmou_app_owner,dtcmou_app_owner,webqa2,dtcmou_app_owner:webqa2,dtcmou_app_owner:webqa2,dtcmou_app_owner:webqa2,dtcmou_app_owner:webqa2
2023-10-09 02:13:56,qa26,we,dtcmou_app_owner,dtcmou_app_owner,webqa2,dtcmou_app_owner:webqa2,dtcmou_app_owner:webqa2,dtcmou_app_owner:webqa2,dtcmou_app_owner:webqa2
2023-10-09 02:14:06,qa26,ws,dtcmou_app_owner,dtcmou_app_owner,webqa2,dtcmou_app_owner:webqa2,dtcmou_app_owner:webqa2,dtcmou_app_owner:webqa2,dtcmou_app_owner:webqa2
2023-10-09 02:14:27,qa27,mg,ws_app_owner,ws_app_owner,webqa2,ws_app_owner:webqa2,ws_app_owner:webqa2,ws_app_owner:webqa2,ws_app_owner:webqa2
2023-10-09 02:14:38,qa27,pb,ws_app_owner,,webqa2,ws_app_owner:webqa2,ws_app_owner:webqa2,ws_app_owner:webqa2,ws_app_owner:webqa2
2023-10-09 02:14:48,qa27,pk,ws_app_owner,ws_app_owner,webqa2,ws_app_owner:webqa2,ws_app_owner:webqa2,ws_app_owner:webqa2,ws_app_owner:webqa2
2023-10-09 02:15:00,qa27,pt,ws_app_owner,ws_app_owner,webqa2,ws_app_owner:webqa2,ws_app_owner:webqa2,ws_app_owner:webqa2,ws_app_owner:webqa2
2023-10-09 02:15:13,qa27,rj,ws_app_owner,ws_app_owner,webqa2,ws_app_owner:webqa2,ws_app_owner:webqa2,ws_app_owner:webqa2,ws_app_owner:webqa2
2023-10-09 02:15:24,qa27,we,ws_app_owner,ws_app_owner,webqa2,ws_app_owner:webqa2,ws_app_owner:webqa2,ws_app_owner:webqa2,ws_app_owner:webqa2
2023-10-09 02:15:36,qa27,ws,ws_app_owner,ws_app_owner,webqa2,ws_app_owner:webqa2,ws_app_owner:webqa2,ws_app_owner:webqa2,ws_app_owner:webqa2
2023-10-09 02:16:19,qa28,mg,ws_app_owner,ws_app_owner,webqa2,ws_app_owner:webqa2,ws_app_owner:webqa2,ws_app_owner:webqa2,ws_app_owner:webqa2
2023-10-09 02:16:29,qa28,pb,ws_app_owner,ws_app_owner,webqa2,ws_app_owner:webqa2,ws_app_owner:webqa2,ws_app_owner:webqa2,ws_app_owner:webqa2
2023-10-09 02:16:41,qa28,pk,ws_app_owner,ws_app_owner,webqa2,ws_app_owner:webqa2,ws_app_owner:webqa2,ws_app_owner:webqa2,ws_app_owner:webqa2
2023-10-09 02:16:53,qa28,pt,ws_app_owner,ws_app_owner,webqa2,ws_app_owner:webqa2,ws_app_owner:webqa2,ws_app_owner:webqa2,ws_app_owner:webqa2
2023-10-09 02:17:05,qa28,we,ws_app_owner,ws_app_owner,webqa2,ws_app_owner:webqa2,ws_app_owner:webqa2,ws_app_owner:webqa2,ws_app_owner:webqa2
2023-10-09 02:17:18,qa28,ws,ws_app_owner,ws_app_owner,webqa2,ws_app_owner:webqa2,ws_app_owner:webqa2,ws_app_owner:webqa2,ws_app_owner:webqa2
2023-10-09 02:17:39,qa29,mg,ws_app_owner,ws_app_owner,webqa2,ws_app_owner:webqa2,ws_app_owner:veqa1,r1_app_owner:webqa1r1,ws_app_owner:webqa2
2023-10-09 02:17:50,qa29,pb,ws_app_owner,ws_app_owner,veqa1,ws_app_owner:veqa1,ws_app_owner:veqa1,r1_app_owner:webqa1r1,ws_app_owner:webqa2
2023-10-09 02:18:02,qa29,pk,ws_app_owner,ws_app_owner,veqa1,ws_app_owner:veqa1,ws_app_owner:veqa1,r1_app_owner:webqa1r1,ws_app_owner:webqa2
2023-10-09 02:18:14,qa29,pt,eqa3_app_owner,eqa3_app_owner,webqa2,eqa3_app_owner:webqa2,ws_app_owner:veqa1,r1_app_owner:webqa1r1,ws_app_owner:webqa2
2023-10-09 02:18:25,qa29,we,eqa3_app_owner,eqa3_app_owner,webqa2,eqa3_app_owner:webqa2,ws_app_owner:veqa1,r1_app_owner:webqa1r1,ws_app_owner:webqa2
2023-10-09 02:18:36,qa29,ws,eqa3_app_owner,eqa3_app_owner,webqa2,eqa3_app_owner:webqa2,ws_app_owner:veqa1,r1_app_owner:webqa1r1,ws_app_owner:webqa2
2023-10-09 02:57:51,qa3,mg,dtc_app_owner,dtc_app_owner,webqa2
2023-10-09 02:57:53,qa3,pb,dtc_app_owner,dtc_app_owner,webqa2
2023-10-09 02:57:56,qa3,pk,dtc_app_owner,dtc_app_owner,webqa2
2023-10-09 02:57:58,qa3,pt,dtc_app_owner,dtc_app_owner,webqa2
2023-10-09 02:58:01,qa3,we,dtc_app_owner,dtc_app_owner,webqa2
2023-10-09 02:58:04,qa3,ws,dtc_app_owner,dtc_app_owner,webqa2
2023-10-09 02:58:12,qa30,mg,ws_app_owner,ws_app_owner,veqa2
2023-10-09 02:58:14,qa30,pb,ws_app_owner,,veqa2
2023-10-09 02:58:16,qa30,pk,ws_app_owner,ws_app_owner,veqa2
2023-10-09 02:58:18,qa30,pt,ws_app_owner,ws_app_owner,veqa2
2023-10-09 02:58:20,qa30,we,ws_app_owner,ws_app_owner,veqa2
2023-10-09 02:58:22,qa30,ws,ws_app_owner,ws_app_owner,veqa2
2023-10-09 02:58:29,qa31,mg,ws_app_owner,ws_app_owner,veqa3
2023-10-09 02:58:31,qa31,pb,ws_app_owner,,veqa3
2023-10-09 02:58:47,qa31,pk,ws_app_owner,ws_app_owner,veqa3
2023-10-09 02:58:49,qa31,pt,ws_app_owner,ws_app_owner,veqa3
2023-10-08 19:59:22,qa31,rj,ws_app_owner,ws_app_owner,veqa3,ws_app_owner:veqa3,ws_app_owner:veqa3,ws_app_owner:veqa3,ws_app_owner:veqa3
2023-10-09 02:58:51,qa31,we,ws_app_owner,ws_app_owner,veqa3
2023-10-09 02:58:53,qa31,ws,ws_app_owner,ws_app_owner,veqa3
2023-10-09 02:59:00,qa32,mg,ws_app_owner,ws_app_owner,veqa1
2023-10-09 02:59:02,qa32,pb,ws_app_owner,ws_app_owner,veqa1
2023-10-09 02:59:04,qa32,pk,ws_app_owner,ws_app_owner,veqa1
2023-10-09 02:59:07,qa32,pt,ws_app_owner,ws_app_owner,veqa1
2023-10-09 02:59:09,qa32,we,ws_app_owner,ws_app_owner,veqa1
2023-10-09 02:59:12,qa32,ws,ws_app_owner,ws_app_owner,veqa1
2023-10-09 02:59:18,qa33,mg,ws_app_owner,,veqa2
2023-10-09 02:59:21,qa33,pb,ws_app_owner,,veqa2
2023-10-09 02:59:22,qa33,pk,ws_app_owner,ws_app_owner,veqa2
2023-10-09 02:59:25,qa33,pt,ws_app_owner,ws_app_owner,veqa2
2023-10-09 02:59:27,qa33,we,ws_app_owner,ws_app_owner,veqa2
2023-10-09 02:59:29,qa33,ws,ws_app_owner,ws_app_owner,veqa2
2023-10-09 02:59:35,qa34,mg,ws_app_owner,ws_app_owner,webqa2
2023-10-09 02:59:37,qa34,pb,ws_app_owner,,webqa2
2023-10-09 03:00:31,qa34,pk,ws_app_owner,ws_app_owner,webqa2
2023-10-09 03:00:33,qa34,pt,ws_app_owner,ws_app_owner,webqa2
2023-10-09 03:00:35,qa34,we,ws_app_owner,ws_app_owner,webqa2
2023-10-09 03:00:38,qa34,ws,ws_app_owner,ws_app_owner,webqa2
2023-10-09 03:00:45,qa35,mg,ws_app_owner,ws_app_owner,webqa2
2023-10-09 03:00:47,qa35,pb,ws_app_owner,,webqa2
2023-10-09 03:01:40,qa35,pk,ws_app_owner,ws_app_owner,webqa2
2023-10-09 03:01:43,qa35,pt,ws_app_owner,ws_app_owner,webqa2
2023-10-09 03:01:45,qa35,we,ws_app_owner,ws_app_owner,webqa2
2023-10-09 03:01:47,qa35,ws,ws_app_owner,ws_app_owner,webqa2
2023-10-09 03:01:55,qa36,mg,ws_app_owner,,veqa2
2023-10-09 03:01:57,qa36,pb,ws_app_owner,,veqa2
2023-10-09 03:01:58,qa36,pk,ws_app_owner,ws_app_owner,veqa2
2023-10-09 03:02:00,qa36,pt,ws_app_owner,ws_app_owner,veqa2
2023-10-07 21:20:24,qa36,rj,ws_app_owner,ws_app_owner,veqa2,ws_app_owner:veqa2,ws_app_owner:veqa2,ws_app_owner:veqa2,ws_app_owner:veqa2
2023-10-09 03:02:02,qa36,we,ws_app_owner,ws_app_owner,veqa2
2023-10-09 03:02:04,qa36,ws,ws_app_owner,ws_app_owner,veqa2
2023-10-09 03:02:10,qa37,mg,ws_app_owner,ws_app_owner,vtrn1
2023-10-09 03:02:13,qa37,pb,ws_app_owner,,vtrn1
2023-10-09 03:02:15,qa37,pk,ws_app_owner,ws_app_owner,vtrn1
2023-10-09 03:02:18,qa37,pt,ws_app_owner,ws_app_owner,vtrn1
2023-10-09 03:02:20,qa37,we,ws_app_owner,ws_app_owner,vtrn1
2023-10-09 03:02:22,qa37,ws,ws_app_owner,ws_app_owner,vtrn1
2023-10-09 03:02:29,qa38,mg,dtcmou_app_owner,dtcmou_app_owner,webqa2
2023-10-09 03:02:31,qa38,pb,dtcmou_app_owner,dtcmou_app_owner,webqa2
2023-10-09 03:02:33,qa38,pk,dtcmou_app_owner,dtcmou_app_owner,webqa2
2023-10-09 03:02:35,qa38,pt,dtcmou_app_owner,dtcmou_app_owner,webqa2
2023-10-09 03:02:36,qa38,we,dtcmou_app_owner,dtcmou_app_owner,webqa2
2023-10-09 03:02:38,qa38,ws,dtcmou_app_owner,dtcmou_app_owner,webqa2
2023-10-09 03:02:44,qa39,mg,ws_app_owner,,webqa2
2023-10-09 03:03:03,qa39,pb,ws_app_owner,,webqa2
2023-10-09 03:03:56,qa39,pk,ws_app_owner,,webqa2
2023-10-09 03:04:49,qa39,pt,ws_app_owner,,webqa2
2023-10-09 03:05:42,qa39,we,ws_app_owner,,webqa2
2023-10-09 03:06:36,qa39,ws,ws_app_owner,,webqa2
2023-10-08 16:29:27,qa4,mg,dtc_app_owner,dtc_app_owner,webqa2
2023-10-08 16:29:29,qa4,pb,dtc_app_owner,,webqa2
2023-10-08 16:29:32,qa4,pk,dtc_app_owner,dtc_app_owner,webqa2
2023-10-08 16:29:35,qa4,pt,dtc_app_owner,,webqa2
2023-10-08 16:29:37,qa4,we,dtc_app_owner,dtc_app_owner,webqa2
2023-10-08 16:29:40,qa4,ws,dtc_app_owner,dtc_app_owner,webqa2
2023-10-08 16:29:48,qa40,mg,ws_app_owner,ws_app_owner,webqa2
2023-10-08 16:29:51,qa40,pb,ws_app_owner,,webqa2
2023-10-08 16:30:45,qa40,pk,ws_app_owner,ws_app_owner,webqa2
2023-10-08 16:30:49,qa40,pt,ws_app_owner,ws_app_owner,webqa2
2023-10-08 16:30:52,qa40,we,ws_app_owner,ws_app_owner,webqa2
2023-10-08 16:30:57,qa40,ws,ws_app_owner,ws_app_owner,webqa2
2023-10-08 16:31:07,qa41,mg,ws_app_owner,ws_app_owner,veqa2
2023-10-08 16:31:09,qa41,pb,ws_app_owner,ws_app_owner,veqa2
2023-10-08 16:31:13,qa41,pk,ws_app_owner,ws_app_owner,veqa2
2023-10-08 16:31:16,qa41,pt,ws_app_owner,,veqa2
2023-10-08 16:32:10,qa41,we,ws_app_owner,ws_app_owner,veqa2
2023-10-08 16:32:13,qa41,ws,ws_app_owner,ws_app_owner,veqa2
2023-10-08 16:32:25,qa42,mg,ws_app_owner,,webqa2
2023-10-08 16:32:28,qa42,pb,ws_app_owner,,webqa2
2023-10-08 16:32:30,qa42,pk,ws_app_owner,ws_app_owner,webqa2
2023-10-08 16:32:35,qa42,pt,ws_app_owner,ws_app_owner,webqa2
2023-10-07 08:51:47,qa42,rj,ws_app_owner,,webqa2,ws_app_owner:webqa2,ws_app_owner:webqa2,,r1_app_owner:webqa1
2023-10-08 16:32:38,qa42,we,ws_app_owner,ws_app_owner,webqa2
2023-10-08 16:32:43,qa42,ws,ws_app_owner,,webqa2
2023-10-08 16:33:41,qa43,mg,dtc_app_owner,dtc_app_owner,webqa2
2023-10-08 16:33:43,qa43,pb,dtc_app_owner,dtc_app_owner,webqa2
2023-10-08 16:33:46,qa43,pk,dtc_app_owner,,webqa2
2023-10-08 16:34:27,qa43,pt,dtc_app_owner,dtc_app_owner,webqa2
2023-10-08 16:34:31,qa43,we,dtc_app_owner,,webqa2
2023-10-08 16:35:25,qa43,ws,dtc_app_owner,dtc_app_owner,webqa2
2023-10-08 16:35:34,qa44,mg,eqa3_app_owner,eqa3_app_owner,webqa2
2023-10-08 16:35:37,qa44,pb,eqa3_app_owner,eqa3_app_owner,webqa2
2023-10-08 16:35:44,qa44,pk,eqa3_app_owner,eqa3_app_owner,webqa2
2023-10-08 16:35:48,qa44,pt,eqa3_app_owner,eqa3_app_owner,webqa2
2023-10-08 16:35:51,qa44,we,eqa3_app_owner,eqa3_app_owner,webqa2
2023-10-08 16:35:56,qa44,ws,eqa3_app_owner,eqa3_app_owner,webqa2
2023-10-08 16:36:06,qa45,mg,dtcmou_app_owner,dtcmou_app_owner,webqa2
2023-10-08 16:36:08,qa45,pb,dtcmou_app_owner,dtcmou_app_owner,webqa2
2023-10-08 16:36:11,qa45,pk,dtcmou_app_owner,dtcmou_app_owner,webqa2
2023-10-08 16:36:16,qa45,pt,dtcmou_app_owner,dtcmou_app_owner,webqa2
2023-10-08 16:36:21,qa45,we,dtcmou_app_owner,dtcmou_app_owner,webqa2
2023-10-08 16:36:26,qa45,ws,dtcmou_app_owner,dtcmou_app_owner,webqa2
2023-10-08 16:36:37,qa46,mg,ws_app_owner,ws_app_owner,veqa2
2023-10-08 16:36:39,qa46,pb,ws_app_owner,ws_app_owner,veqa2
2023-10-08 16:36:41,qa46,pk,ws_app_owner,ws_app_owner,veqa2
2023-10-08 16:36:44,qa46,pt,ws_app_owner,ws_app_owner,veqa2
2023-10-08 16:36:46,qa46,we,ws_app_owner,ws_app_owner,veqa2
2023-10-08 16:36:48,qa46,ws,ws_app_owner,ws_app_owner,veqa2
2023-10-07 09:00:58,qa47,gr,dtc_app_owner,,webqa2,ws_app_owner:veqa3,ws_app_owner:webqa2,ws_app_owner:veqa3,ws_app_owner:webqa2
2023-10-08 16:36:55,qa47,mg,dtc_app_owner,dtc_app_owner,webqa2
2023-10-08 16:36:57,qa47,pb,dtc_app_owner,dtc_app_owner,webqa2
2023-10-08 16:36:59,qa47,pk,dtc_app_owner,dtc_app_owner,webqa2
2023-10-08 16:37:01,qa47,pt,dtc_app_owner,dtc_app_owner,webqa2
2023-10-07 09:01:54,qa47,rj,dtc_app_owner,,webqa2,ws_app_owner:veqa3,dtc_app_owner:webqa2,ws_app_owner:veqa3,ws_app_owner:veqa3
2023-10-08 16:37:03,qa47,we,dtc_app_owner,dtc_app_owner,webqa2
2023-10-08 16:37:05,qa47,ws,dtc_app_owner,dtc_app_owner,webqa2
2023-10-08 16:37:13,qa49,mg,ws_app_owner,ws_app_owner,veqa2
2023-10-08 16:37:16,qa49,pb,ws_app_owner,,veqa2
2023-10-08 16:38:09,qa49,pk,ws_app_owner,ws_app_owner,veqa2
2023-10-08 16:38:12,qa49,pt,ws_app_owner,ws_app_owner,veqa2
2023-10-07 09:04:15,qa49,rj,ws_app_owner,ws_app_owner,veqa2,ws_app_owner:veqa2,ws_app_owner:veqa2,ws_app_owner:veqa2,ws_app_owner:veqa2
2023-10-08 16:38:14,qa49,we,ws_app_owner,ws_app_owner,veqa2
2023-10-08 16:38:16,qa49,ws,ws_app_owner,,veqa2
2023-10-09 00:26:39,qa5,mg,dtc_app_owner,dtc_app_owner,webqa2
2023-10-09 00:26:41,qa5,pb,dtc_app_owner,,webqa2
2023-10-09 00:26:42,qa5,pk,dtc_app_owner,dtc_app_owner,webqa2
2023-10-09 00:26:45,qa5,pt,dtc_app_owner,dtc_app_owner,webqa2
2023-10-09 00:26:47,qa5,we,dtc_app_owner,dtc_app_owner,webqa2
2023-10-09 00:26:50,qa5,ws,dtc_app_owner,dtc_app_owner,webqa2
2023-10-09 00:26:57,qa51,mg,ws_app_owner,ws_app_owner,webqa2
2023-10-09 00:26:59,qa51,pb,ws_app_owner,,webqa2
2023-10-09 00:27:01,qa51,pk,ws_app_owner,ws_app_owner,webqa2
2023-10-09 00:27:05,qa51,pt,ws_app_owner,ws_app_owner,webqa2
2023-10-09 00:27:08,qa51,we,ws_app_owner,ws_app_owner,webqa2
2023-10-09 00:27:12,qa51,ws,ws_app_owner,ws_app_owner,webqa2
2023-10-09 00:27:18,qa52,mg,dtc_app_owner,dtc_app_owner,webqa2
2023-10-09 00:27:20,qa52,pb,dtc_app_owner,dtc_app_owner,webqa2
2023-10-09 00:27:21,qa52,pk,dtc_app_owner,dtc_app_owner,webqa2
2023-10-09 00:27:23,qa52,pt,dtc_app_owner,dtc_app_owner,webqa2
2023-10-09 00:27:25,qa52,we,dtc_app_owner,dtc_app_owner,webqa2
2023-10-09 00:27:26,qa52,ws,dtc_app_owner,dtc_app_owner,webqa2
2023-10-09 00:27:33,qa53,mg,ws_app_owner,ws_app_owner,webqa2
2023-10-09 00:27:34,qa53,pb,ws_app_owner,ws_app_owner,webqa2
2023-10-09 00:27:36,qa53,pk,ws_app_owner,ws_app_owner,webqa2
2023-10-09 00:27:38,qa53,pt,ws_app_owner,,webqa2
2023-10-09 00:27:40,qa53,we,ws_app_owner,ws_app_owner,webqa2
2023-10-09 00:27:41,qa53,ws,ws_app_owner,ws_app_owner,webqa2
2023-10-09 00:27:47,qa54,mg,dtcmou_app_owner,dtcmou_app_owner,webqa2
2023-10-09 00:27:49,qa54,pb,dtcmou_app_owner,dtcmou_app_owner,webqa2
2023-10-09 00:27:50,qa54,pk,dtcmou_app_owner,dtcmou_app_owner,webqa2
2023-10-09 00:27:52,qa54,pt,dtcmou_app_owner,,webqa2
2023-10-08 17:49:14,qa54,rj,dtcmou_app_owner,dtcmou_app_owner,webqa2,dtcmou_app_owner:webqa2,dtcmou_app_owner:webqa2,dtcmou_app_owner:webqa2,dtcmou_app_owner:webqa2
2023-10-09 00:27:54,qa54,we,dtcmou_app_owner,dtcmou_app_owner,webqa2
2023-10-09 00:27:55,qa54,ws,dtcmou_app_owner,dtcmou_app_owner,webqa2
2023-10-09 00:28:01,qa55,mg,ws_app_owner,,veqa2
2023-10-09 00:28:02,qa55,pb,ws_app_owner,,veqa2
2023-10-09 00:28:04,qa55,pk,ws_app_owner,ws_app_owner,veqa2
2023-10-09 00:28:06,qa55,pt,ws_app_owner,ws_app_owner,veqa2
2023-10-09 00:28:07,qa55,we,ws_app_owner,ws_app_owner,veqa2
2023-10-09 00:28:09,qa55,ws,ws_app_owner,ws_app_owner,veqa2
2023-10-09 00:28:15,qa56,mg,ws_app_owner,ws_app_owner,webqa2
2023-10-09 00:28:16,qa56,pb,ws_app_owner,ws_app_owner,webqa2
2023-10-09 00:28:18,qa56,pk,ws_app_owner,ws_app_owner,webqa2
2023-10-09 00:28:20,qa56,pt,ws_app_owner,ws_app_owner,webqa2
2023-10-08 21:16:22,qa56,rj,ws_app_owner,ws_app_owner,webqa2,ws_app_owner:webqa2,ws_app_owner:webqa2,ws_app_owner:webqa2,ws_app_owner:webqa2
2023-10-09 00:28:22,qa56,we,ws_app_owner,ws_app_owner,webqa2
2023-10-09 00:28:23,qa56,ws,ws_app_owner,ws_app_owner,webqa2
2023-10-09 00:28:29,qa57,mg,ws_app_owner,ws_app_owner,webqa2
2023-10-09 00:28:31,qa57,pb,ws_app_owner,ws_app_owner,webqa2
2023-10-09 00:28:33,qa57,pk,ws_app_owner,ws_app_owner,webqa2
2023-10-09 00:28:35,qa57,pt,ws_app_owner,ws_app_owner,webqa2
2023-10-09 00:28:37,qa57,we,ws_app_owner,ws_app_owner,webqa2
2023-10-09 00:28:39,qa57,ws,ws_app_owner,ws_app_owner,webqa2
2023-10-08 06:23:59,qa6,mg,ws_app_owner,ws_app_owner,veqa2
2023-10-08 06:24:01,qa6,pb,ws_app_owner,,veqa2
2023-10-08 06:24:03,qa6,pk,ws_app_owner,ws_app_owner,veqa2
2023-10-08 06:24:05,qa6,pt,ws_app_owner,ws_app_owner,veqa2
2023-10-08 06:24:07,qa6,we,ws_app_owner,ws_app_owner,veqa2
2023-10-08 06:24:09,qa6,ws,ws_app_owner,ws_app_owner,veqa2
2023-10-08 21:12:05,qa7,gr,ws_app_owner,,veqa2,ws_app_owner:veqa2,ws_app_owner:veqa2,,ws_app_owner:webqa2
2023-10-09 03:14:41,qa7,mg,ws_app_owner,ws_app_owner,veqa2
2023-10-09 03:14:43,qa7,pb,ws_app_owner,ws_app_owner,veqa2
2023-10-09 03:14:45,qa7,pk,ws_app_owner,ws_app_owner,veqa2
2023-10-09 03:14:47,qa7,pt,ws_app_owner,ws_app_owner,veqa2
2023-10-08 21:12:59,qa7,rj,ws_app_owner,ws_app_owner,veqa2,eqa3_app_owner:webqa2,ws_app_owner:webqa2,,ws_app_owner:webqa2
2023-10-09 03:14:50,qa7,we,ws_app_owner,ws_app_owner,veqa2
2023-10-09 03:14:52,qa7,ws,ws_app_owner,ws_app_owner,veqa2
2023-10-08 12:45:04,qa8,mg,ws_app_owner,ws_app_owner,webqa2
2023-10-08 12:45:06,qa8,pb,ws_app_owner,ws_app_owner,webqa2
2023-10-08 12:45:08,qa8,pk,ws_app_owner,ws_app_owner,webqa2
2023-10-08 12:45:10,qa8,pt,ws_app_owner,ws_app_owner,webqa2
2023-09-29 12:45:51,qa8,rj,ws_app_owner,ws_app_owner,webqa2,ws_app_owner:webqa2,ws_app_owner:webqa2,,ws_app_owner:webqa2
2023-10-08 12:45:12,qa8,we,ws_app_owner,ws_app_owner,webqa2
2023-10-08 12:45:13,qa8,ws,ws_app_owner,ws_app_owner,webqa2
2023-10-09 00:57:23,qa9,mg,dtcmou_app_owner,dtcmou_app_owner,webqa2
2023-10-09 00:57:25,qa9,pb,dtcmou_app_owner,dtcmou_app_owner,webqa2
2023-10-09 00:57:27,qa9,pk,dtcmou_app_owner,dtcmou_app_owner,webqa2
2023-10-09 00:57:29,qa9,pt,dtcmou_app_owner,dtcmou_app_owner,webqa2
2023-10-09 00:57:30,qa9,we,dtcmou_app_owner,dtcmou_app_owner,webqa2
2023-10-09 00:57:32,qa9,ws,dtcmou_app_owner,dtcmou_app_owner,webqa2
2023-10-08 18:08:10,qa99,gr,dtcmou_app_owner,,webqa2,dtcmou_app_owner:webqa2,dtcmou_app_owner:webqa2,dtcmou_app_owner:webqa2,dtcmou_app_owner:webqa2
2023-10-08 18:08:21,qa99,rj,eqa3_app_owner,,webqa2,eqa3_app_owner:webqa2,eqa3_app_owner:webqa2,eqa3_app_owner:webqa2,eqa3_app_owner:webqa2
2023-10-08 20:18:08,rgs1,gr,dtc_app_owner,dtc_app_owner,webqa2,dtc_app_owner:webqa2,ws_app_owner:veqa2,dtc_app_owner:webqa2,ws_app_owner:webqa2
2023-10-09 02:30:19,rgs1,mg,dtc_app_owner,dtc_app_owner,webqa2
2023-10-09 02:30:21,rgs1,pb,dtc_app_owner,dtc_app_owner,webqa2
2023-10-09 02:30:23,rgs1,pk,dtc_app_owner,dtc_app_owner,webqa2
2023-10-09 02:30:25,rgs1,pt,dtc_app_owner,dtc_app_owner,webqa2
2023-10-08 20:19:05,rgs1,rj,dtc_app_owner,dtc_app_owner,webqa2,dtc_app_owner:webqa2,dtc_app_owner:webqa2,dtc_app_owner:webqa2,ws_app_owner:webqa2
2023-10-09 02:30:27,rgs1,we,dtc_app_owner,dtc_app_owner,webqa2
2023-10-09 02:30:29,rgs1,ws,dtc_app_owner,dtc_app_owner,webqa2
2023-10-09 02:30:35,rgs2,mg,ws_app_owner,,webqa2
2023-10-09 02:30:37,rgs2,pb,ws_app_owner,ws_app_owner,webqa2
2023-10-09 02:30:39,rgs2,pk,ws_app_owner,ws_app_owner,webqa2
2023-10-09 02:30:40,rgs2,pt,ws_app_owner,ws_app_owner,webqa2
2023-10-09 02:30:42,rgs2,we,ws_app_owner,ws_app_owner,webqa2
2023-10-09 02:30:44,rgs2,ws,ws_app_owner,ws_app_owner,webqa2
2023-10-08 21:28:29,uat1,gr,ws_app_owner,ws_app_owner,webqa2,ws_app_owner:webqa2,ws_app_owner:webqa2,ws_app_owner:webqa2,ws_app_owner:webqa2
2023-10-08 21:28:39,uat1,mg,ws_app_owner,ws_app_owner,webqa2,ws_app_owner:webqa2,ws_app_owner:webqa2,ws_app_owner:webqa2,ws_app_owner:webqa2
2023-10-08 21:28:50,uat1,pb,ws_app_owner,ws_app_owner,webqa2,ws_app_owner:webqa2,ws_app_owner:webqa2,ws_app_owner:webqa2,ws_app_owner:webqa2
2023-10-08 21:29:01,uat1,pk,ws_app_owner,ws_app_owner,webqa2,ws_app_owner:webqa2,ws_app_owner:webqa2,ws_app_owner:webqa2,ws_app_owner:webqa2
2023-10-08 21:29:12,uat1,pt,ws_app_owner,ws_app_owner,webqa2,ws_app_owner:webqa2,ws_app_owner:webqa2,ws_app_owner:webqa2,ws_app_owner:webqa2
2023-10-08 21:29:21,uat1,rj,ws_app_owner,ws_app_owner,webqa2,ws_app_owner:webqa2,ws_app_owner:webqa2,,ws_app_owner:webqa2
2023-10-08 21:29:31,uat1,we,ws_app_owner,ws_app_owner,webqa2,ws_app_owner:webqa2,ws_app_owner:webqa2,ws_app_owner:webqa2,ws_app_owner:webqa2
2023-10-08 21:29:41,uat1,ws,ws_app_owner,ws_app_owner,webqa2,ws_app_owner:webqa2,ws_app_owner:webqa2,ws_app_owner:webqa2,ws_app_owner:webqa2
2023-10-08 13:05:10,uat2,mg,ws_app_owner,ws_app_owner,webqa2
2023-10-08 13:05:12,uat2,pb,ws_app_owner,ws_app_owner,webqa2
2023-10-08 13:05:15,uat2,pk,ws_app_owner,ws_app_owner,webqa2
2023-10-08 13:05:17,uat2,pt,ws_app_owner,ws_app_owner,webqa2
2023-10-02 21:22:34,uat2,rj,ws_app_owner,ws_app_owner,webqa2,ws_app_owner:webqa2,ws_app_owner:webqa2,,ws_app_owner:webqa2
2023-10-08 13:05:20,uat2,we,ws_app_owner,ws_app_owner,webqa2
2023-10-08 13:05:23,uat2,ws,ws_app_owner,ws_app_owner,webqa2
2023-10-04 02:06:00,uat3,gr,ws_app_owner,,webqa2,ws_app_owner:webqa2,ws_app_owner:webqa2,ws_app_owner:webqa2,ws_app_owner:webqa2
2023-10-08 13:05:31,uat3,mg,ws_app_owner,ws_app_owner,webqa2
2023-10-08 13:05:33,uat3,pb,ws_app_owner,ws_app_owner,webqa2
2023-10-08 13:05:38,uat3,pk,ws_app_owner,ws_app_owner,webqa2
2023-10-08 13:05:40,uat3,pt,ws_app_owner,ws_app_owner,webqa2
2023-10-04 02:10:17,uat3,rj,ws_app_owner,,webqa2,ws_app_owner:webqa2,ws_app_owner:webqa2,ws_app_owner:webqa2,ws_app_owner:webqa2
2023-10-08 13:05:43,uat3,we,ws_app_owner,ws_app_owner,webqa2
2023-10-08 13:05:46,uat3,ws,ws_app_owner,ws_app_owner,webqa2
2023-10-08 13:05:54,uat4,mg,ws_app_owner,ws_app_owner,webqa2
2023-10-08 13:05:56,uat4,pb,ws_app_owner,ws_app_owner,webqa2
2023-10-08 13:06:00,uat4,pk,ws_app_owner,ws_app_owner,webqa2
2023-10-08 13:06:02,uat4,pt,ws_app_owner,ws_app_owner,webqa2
2023-10-03 08:49:15,uat4,rj,ws_app_owner,ws_app_owner,webqa2,ws_app_owner:webqa2,ws_app_owner:webqa2,,ws_app_owner:webqa2
2023-10-08 13:06:05,uat4,we,ws_app_owner,ws_app_owner,webqa2
2023-10-08 13:06:08,uat4,ws,ws_app_owner,,webqa2
2023-10-08 14:34:03,uat5,mg,ws_app_owner,,webqa2,ws_app_owner:webqa2,ws_app_owner:webqa2,dtcmou_app_owner:webqa2,ws_app_owner:webqa2
2023-10-08 14:34:13,uat5,pb,ws_app_owner,ws_app_owner,webqa2,ws_app_owner:webqa2,ws_app_owner:webqa2,dtcmou_app_owner:webqa2,ws_app_owner:webqa2
2023-10-08 14:34:22,uat5,pk,ws_app_owner,ws_app_owner,webqa2,ws_app_owner:webqa2,ws_app_owner:webqa2,dtcmou_app_owner:webqa2,ws_app_owner:webqa2
2023-10-08 14:34:32,uat5,pt,ws_app_owner,ws_app_owner,webqa2,ws_app_owner:webqa2,ws_app_owner:webqa2,dtcmou_app_owner:webqa2,ws_app_owner:webqa2
2023-10-08 14:34:41,uat5,we,ws_app_owner,,webqa2,ws_app_owner:webqa2,ws_app_owner:webqa2,dtcmou_app_owner:webqa2,ws_app_owner:webqa2
2023-10-08 14:34:51,uat5,ws,ws_app_owner,ws_app_owner,webqa2,ws_app_owner:webqa2,ws_app_owner:webqa2,dtcmou_app_owner:webqa2,ws_app_owner:webqa2
2023-10-08 13:08:20,uat6,mg,ws_app_owner,ws_app_owner,webqa2
2023-10-08 13:08:22,uat6,pb,ws_app_owner,ws_app_owner,webqa2
2023-10-08 13:08:24,uat6,pk,ws_app_owner,ws_app_owner,webqa2
2023-10-08 13:08:27,uat6,pt,ws_app_owner,ws_app_owner,webqa2
2023-10-02 21:31:27,uat6,rj,ws_app_owner,ws_app_owner,webqa2,ws_app_owner:webqa2,ws_app_owner:webqa2,,ws_app_owner:webqa2
2023-10-08 13:08:30,uat6,we,ws_app_owner,ws_app_owner,webqa2
2023-10-08 13:08:33,uat6,ws,ws_app_owner,ws_app_owner,webqa2
2023-10-08 13:08:40,uat7,mg,ws_app_owner,ws_app_owner,webqa2
2023-10-08 13:08:42,uat7,pb,ws_app_owner,ws_app_owner,webqa2
2023-10-08 13:08:45,uat7,pk,ws_app_owner,ws_app_owner,webqa2
2023-10-08 13:08:48,uat7,pt,ws_app_owner,,webqa2
2023-10-02 21:33:40,uat7,rj,ws_app_owner,,webqa2,ws_app_owner:webqa2,ws_app_owner:webqa2,,ws_app_owner:webqa2
2023-10-08 13:08:49,uat7,we,ws_app_owner,ws_app_owner,webqa2
2023-10-08 13:08:52,uat7,ws,ws_app_owner,ws_app_owner,webqa2
2023-10-02 21:34:24,uat8,gr,ws_app_owner,,webqa2,ws_app_owner:webqa2,ws_app_owner:webqa2,ws_app_owner:webqa2,ws_app_owner:webqa2
2023-10-08 13:09:00,uat8,mg,ws_app_owner,ws_app_owner,webqa2
2023-10-08 13:09:02,uat8,pb,ws_app_owner,,webqa2
2023-10-08 13:09:04,uat8,pk,ws_app_owner,ws_app_owner,webqa2
2023-10-08 13:09:07,uat8,pt,ws_app_owner,ws_app_owner,webqa2
2023-10-02 21:35:14,uat8,rj,ws_app_owner,,webqa2,ws_app_owner:webqa2,ws_app_owner:webqa2,,
2023-10-08 13:09:10,uat8,we,ws_app_owner,,webqa2
2023-10-08 13:09:12,uat8,ws,ws_app_owner,ws_app_owner,webqa2
2023-10-09 04:27:23,qa8,mg,ws_app_owner,ws_app_owner,webqa2
2023-10-09 04:27:25,qa8,pb,ws_app_owner,ws_app_owner,webqa2
2023-10-09 04:27:27,qa8,pk,ws_app_owner,ws_app_owner,webqa2
2023-10-09 04:27:29,qa8,pt,ws_app_owner,ws_app_owner,webqa2
2023-10-09 04:27:30,qa8,we,ws_app_owner,ws_app_owner,webqa2
2023-10-09 04:27:32,qa8,ws,ws_app_owner,ws_app_owner,webqa2
