2023-10-08 13:50:02,bpv,gr,,,2023-10-05 03:17,2.6.20.x,2.6.20,2.6.20,deploy-bpv-gr-WAR_release-2.6.20.x,success,200
2023-10-08 13:50:05,bpv,mg,1,,2023-10-07 10:46,2.6.20.x,2.6.20,2.6.20,deploy-bpv-mg-WAR_release-2.6.20.x,success,200
2023-10-08 13:50:07,bpv,pb,1,,2023-10-05 11:56,2.6.20.x,2.6.20,2.6.20,deploy-bpv-pb-WAR_release-2.6.20.x,success,200
2023-10-08 13:50:13,bpv,pk,1,,2023-10-04 11:17,2.6.20.x,2.6.20,2.6.20,deploy-bpv-pk-WAR_release-2.6.20.x,success,200
2023-10-08 13:50:21,bpv,pt,1,,2023-10-05 04:23,2.6.20.x,2.6.20,2.6.20,deploy-bpv-pt-WAR_release-2.6.20.x,success,200
2023-10-08 13:50:25,bpv,rj,1,,2023-09-26 07:43,2.6.20.x
2023-10-08 13:50:28,bpv,we,1,,2023-09-27 09:45,2.6.20.x,2.6.20,2.6.20,deploy-bpv-we-WAR_release-2.6.20.x,success,200
2023-10-08 13:50:32,bpv,ws,1,,2023-10-05 10:34,2.6.20.x,2.6.20,2.6.20,deploy-bpv-ws-WAR_release-2.6.20.x,success,200
2023-10-08 21:17:32,cabpv,mg,1,,2023-10-03 07:42,2.6.20.x,2.6.20,,deploy-cabpv-mg-WAR_release-2.6.20.x,success,000
2023-10-08 21:18:25,cabpv,pb,1,,2023-10-05 08:28,2.6.20.x,2.6.20,2.6.20,deploy-cabpv-pb-WAR_release-2.6.20.x,success,200
2023-10-08 21:18:27,cabpv,pk,1,,2023-10-05 02:10,2.6.20.x,2.6.20,2.6.20,deploy-cabpv-pk-WAR_release-2.6.20.x,success,200
2023-10-08 21:18:28,cabpv,pt,,,2023-10-08 07:13,2.6.20.x,2.6.20,2.6.20,deploy-cabpv-pt-WAR_release-2.6.20.x,success,200
2023-10-08 21:18:30,cabpv,rj,1,,2023-10-05 02:08,2.6.20.x,2.6.20,2.6.20,deploy-cabpv-rj-WAR_release-2.6.20.x,success,200
2023-10-08 21:18:32,cabpv,we,1,,2023-10-06 12:41,2.6.20.x,2.6.20,2.6.20,deploy-cabpv-we-WAR_release-2.6.20.x,success,200
2023-10-08 21:18:33,cabpv,ws,1,,2023-10-05 05:13,2.6.20.x,2.6.20,2.6.20,deploy-cabpv-ws-WAR_release-2.6.20.x,success,200
2023-10-08 16:48:26,caint3,mg,,,2023-10-08 11:39,2.6.20.x,2.6.20,2.6.20,deploy-caint3-mg-WAR_release-2.6.20.x,success,200
2023-10-08 16:48:28,caint3,pb,,,2023-10-08 11:48,2.6.20.x,2.6.20,,deploy-caint3-pb-WAR_release-2.6.20.x,success,000
2023-10-08 16:48:52,caint3,pk,,,2023-10-08 11:39,2.6.20.x,2.6.20,2.6.20,deploy-caint3-pk-WAR_release-2.6.20.x,success,200
2023-10-08 16:48:54,caint3,pt,,,2023-10-08 09:14,2.6.20.x,2.6.20,2.6.20,deploy-caint3-pt-WAR_release-2.6.20.x,success,200
2023-10-08 16:48:55,caint3,rj,,,2023-10-08 11:39,2.6.20.x,2.6.20,2.6.20,deploy-caint3-rj-WAR_release-2.6.20.x,success,200
2023-10-08 16:48:57,caint3,we,,,2023-10-08 09:17,2.6.20.x,2.6.20,2.6.20,deploy-caint3-we-WAR_release-2.6.20.x,success,200
2023-10-08 16:48:58,caint3,ws,,,2023-10-08 11:39,2.6.20.x,2.6.20,2.6.20,deploy-caint3-ws-WAR_release-2.6.20.x,success,200
2023-10-08 15:52:11,caint4,mg,,,2023-08-14 09:08,2.6.16.x,2.6.16,,deploy-caint4-mg-WAR_release-2.6.16.x,failure,404
2023-10-08 15:52:13,caint4,pb,,,2023-08-10 12:34,2.6.16.x,2.6.16,,deploy-caint4-pb-WAR_release-2.6.16.x,success,404
2023-10-08 15:52:14,caint4,pk,,,2023-08-14 08:05,2.6.16.x,2.6.16,,deploy-caint4-pk-WAR_release-2.6.16.x,success,404
2023-10-08 15:52:16,caint4,pt,,,2023-08-10 12:34,2.6.16.x,2.6.16,2.6.16,deploy-caint4-pt-WAR_release-2.6.16.x,success,200
2023-10-08 15:52:18,caint4,rj,,,2023-08-10 12:33,2.6.16.x,2.6.16,,deploy-caint4-rj-WAR_release-2.6.16.x,failure,404
2023-10-08 15:52:19,caint4,we,,,2023-08-14 08:42,2.6.16.x,2.6.16,2.6.16,deploy-caint4-we-WAR_release-2.6.16.x,success,200
2023-10-08 15:52:21,caint4,ws,,,2023-08-10 12:34,2.6.16.x,2.6.16,,deploy-caint4-ws-WAR_release-2.6.16.x,success,404
2023-10-08 15:03:54,caint5,mg,,,2023-10-08 02:54,2.6.20.x,2.6.20,,deploy-caint5-mg-WAR_release-2.6.20.x
2023-10-08 15:03:56,caint5,pb,,,2023-10-08 02:54,2.6.20.x,2.6.20,,deploy-caint5-pb-WAR_release-2.6.20.x
2023-10-08 15:03:59,caint5,pk,,,2023-10-08 02:28,2.6.20.x,2.6.20,,deploy-caint5-pk-WAR_release-2.6.20.x
2023-10-08 15:04:01,caint5,pt,,,2023-10-08 02:54,2.6.20.x,2.6.20,,deploy-caint5-pt-WAR_release-2.6.20.x
2023-10-08 03:56:42,caint5,rj,,,2023-10-08 02:28,2.6.20.x,2.6.20,,deploy-caint5-rj-WAR_release-2.6.20.x,failure,404
2023-10-08 15:04:04,caint5,we,,,Undeployed,2.6.20.x,2.6.20,,deploy-caint5-we-WAR_release-2.6.20.x
2023-10-08 15:04:06,caint5,ws,,,2023-10-08 02:28,2.6.20.x,2.6.20,,deploy-caint5-ws-WAR_release-2.6.20.x
2023-10-08 23:14:28,caperf,pb,1,,2023-08-28 11:54,2.6.18.x,2.6.18,2.6.18,deploy-caperf-pb-WAR_release-2.6.18.x,success,200
2023-10-08 23:14:29,caperf,pk,1,,2023-08-28 11:47,2.6.16.x,2.6.16,2.6.16,deploy-caperf-pk-WAR_release-2.6.16.x,success,200
2023-10-08 23:14:31,caperf,pt,1,,2023-09-11 01:30,2.6.16.x,2.6.16,,deploy-caperf-pt-WAR_release-2.6.16.x,failure,404
2023-10-08 23:14:33,caperf,we,1,,2023-08-28 11:52,2.6.16.x,2.6.16,2.6.16,deploy-caperf-we-WAR_release-2.6.16.x,success,200
2023-10-08 23:14:35,caperf,ws,1,,2023-08-28 11:45,2.6.16.x,2.6.16,2.6.16,deploy-caperf-ws-WAR_release-2.6.16.x,success,200
2023-10-09 03:56:43,caqa10,pb,1,,2023-10-08 07:26,2.6.20.x,2.6.20,2.6.20,deploy-caqa10-pb-WAR_release-2.6.20.x
2023-10-09 03:56:45,caqa10,pk,1,,2023-10-08 06:30,2.6.20.x,2.6.20,2.6.20,deploy-caqa10-pk-WAR_release-2.6.20.x
2023-10-09 03:56:47,caqa10,pt,,,2023-10-08 07:25,2.6.20.x,2.6.20,2.6.20,deploy-caqa10-pt-WAR_release-2.6.20.x
2023-10-09 03:56:49,caqa10,we,1,,Undeployed,2.6.20.x,2.6.20,2.6.20,deploy-caqa10-we-WAR_release-2.6.20.x
2023-10-09 03:56:51,caqa10,ws,1,,2023-10-08 06:26,2.6.20.x,2.6.20,2.6.20,deploy-caqa10-ws-WAR_release-2.6.20.x
2023-10-09 03:56:57,caqa11,pb,1,,Undeployed,2.6.20.x,2.6.20,2.6.20,deploy-caqa11-pb-WAR_release-2.6.20.x
2023-10-09 03:56:59,caqa11,pk,1,,Undeployed,2.6.20.x,2.6.20,,deploy-caqa11-pk-WAR_release-2.6.20.x
2023-10-09 03:57:00,caqa11,pt,,,Undeployed,2.6.20.x,2.6.20,,deploy-caqa11-pt-WAR_release-2.6.20.x
2023-10-09 03:57:02,caqa11,we,1,,Undeployed,2.6.20.x,2.6.20,,deploy-caqa11-we-WAR_release-2.6.20.x
2023-10-09 03:57:04,caqa11,ws,1,,Undeployed,2.6.20.x,2.6.20,,deploy-caqa11-ws-WAR_release-2.6.20.x
2023-10-09 02:39:47,caqa31,pb,1,,2023-10-08 07:20,2.6.20.x,2.6.20,2.6.20,deploy-caqa31-pb-WAR_release-2.6.20.x
2023-10-09 02:39:50,caqa31,pk,1,,2023-10-08 07:21,2.6.20.x,2.6.20,2.6.20,deploy-caqa31-pk-WAR_release-2.6.20.x
2023-10-09 02:39:52,caqa31,pt,,,2023-10-08 06:12,2.6.20.x,2.6.20,2.6.20,deploy-caqa31-pt-WAR_release-2.6.20.x
2023-10-09 02:39:54,caqa31,we,1,,2023-10-08 07:29,2.6.20.x,2.6.20,2.6.20,deploy-caqa31-we-WAR_release-2.6.20.x
2023-10-09 02:39:56,caqa31,ws,1,,2023-10-08 06:13,2.6.20.x,2.6.20,2.6.20,deploy-caqa31-ws-WAR_release-2.6.20.x
2023-10-09 02:28:22,cargs1,mg,1,,2023-10-08 04:46,2.6.20.x,2.6.20,2.6.20,deploy-cargs1-mg-WAR_release-2.6.22.x
2023-10-09 02:28:25,cargs1,pb,1,,2023-10-08 04:46,2.6.22.x,2.6.22,2.6.22,deploy-cargs1-pb-WAR_release-2.6.22.x
2023-10-09 02:28:27,cargs1,pk,1,,2023-10-08 04:47,2.6.22.x,2.6.22,2.6.22,deploy-cargs1-pk-WAR_release-2.6.22.x
2023-10-09 02:28:29,cargs1,pt,,,2023-10-08 04:47,2.6.22.x,2.6.22,2.6.22,deploy-cargs1-pt-WAR_release-2.6.22.x
2023-10-08 20:11:00,cargs1,rj,1,,2023-10-08 04:47,2.6.22.x,2.6.22,2.6.22,deploy-cargs1-rj-WAR_release-2.6.22.x,success,200
2023-10-09 02:28:31,cargs1,we,1,,2023-10-08 04:47,2.6.22.x,2.6.22,2.6.22,deploy-cargs1-we-WAR_release-2.6.22.x
2023-10-09 02:28:33,cargs1,ws,1,,2023-10-08 04:47,2.6.22.x,2.6.22,2.6.22,deploy-cargs1-ws-WAR_release-2.6.22.x
2023-10-08 21:23:49,cauat1,pb,1,,2023-10-07 04:07,2.6.20.x,2.6.20,2.6.20,deploy-cauat1-pb-WAR_release-2.6.20.x,success,200
2023-10-08 21:23:50,cauat1,pk,1,,2023-09-28 09:05,2.6.20.x,2.6.20,,deploy-cauat1-pk-WAR_release-2.6.20.x,success,503
2023-10-08 21:23:52,cauat1,pt,,,2023-09-28 09:06,2.6.20.x,2.6.20,2.6.20,deploy-cauat1-pt-WAR_release-2.6.20.x,success,200
2023-10-08 21:23:54,cauat1,we,1,,2023-09-28 09:10,2.6.20.x,2.6.20,2.6.20,deploy-cauat1-we-WAR_release-2.6.20.x,success,200
2023-10-08 21:23:55,cauat1,ws,1,,2023-09-28 09:06,2.6.20.x,2.6.20,2.6.20,deploy-cauat1-ws-WAR_release-2.6.20.x,success,200
2023-10-08 12:49:39,cauat2,pb,1,,2023-10-04 08:00,2.6.20.x,2.6.20,2.6.20,deploy-cauat2-pb-WAR_release-2.6.20.x
2023-10-08 12:49:41,cauat2,pk,1,,2023-10-04 08:05,2.6.20.x,2.6.20,2.6.20,deploy-cauat2-pk-WAR_release-2.6.20.x
2023-10-08 12:49:43,cauat2,pt,,,2023-10-04 08:31,2.6.20.x,2.6.20,2.6.20,deploy-cauat2-pt-WAR_release-2.6.20.x
2023-10-08 12:49:46,cauat2,we,1,,2023-10-04 08:04,2.6.20.x,2.6.20,2.6.20,deploy-cauat2-we-WAR_release-2.6.20.x
2023-10-08 12:49:48,cauat2,ws,1,,2023-10-05 03:48,2.6.20.x,2.6.20,2.6.20,deploy-cauat2-ws-WAR_release-2.6.20.x
2023-10-09 00:15:31,cauat3,mg,1,,2023-10-08 11:19,2.6.22.x,2.6.22,2.6.22,deploy-cauat3-mg-WAR_release-2.6.22.x
2023-10-09 00:15:33,cauat3,pb,1,,2023-10-08 04:49,2.6.22.x,2.6.22,2.6.22,deploy-cauat3-pb-WAR_release-2.6.22.x
2023-10-09 00:15:35,cauat3,pk,1,,2023-10-08 04:49,2.6.22.x,2.6.22,2.6.22,deploy-cauat3-pk-WAR_release-2.6.22.x
2023-10-09 00:15:37,cauat3,pt,1,,2023-10-08 11:19,2.6.22.x,2.6.22,2.6.22,deploy-cauat3-pt-WAR_release-2.6.22.x
2023-10-08 14:29:55,cauat3,rj,1,,2023-10-05 10:09,2.6.22.x,2.6.22,2.6.22,deploy-cauat3-rj-WAR_release-2.6.22.x,success,200
2023-10-09 00:15:40,cauat3,we,1,,2023-10-08 04:49,2.6.22.x,2.6.22,,deploy-cauat3-we-WAR_release-2.6.22.x
2023-10-09 00:16:33,cauat3,ws,1,,2023-10-08 04:49,2.6.22.x,2.6.22,,deploy-cauat3-ws-WAR_release-2.6.22.x
2023-10-08 12:50:14,cauat4,pb,1,,2023-10-05 06:21,2.6.20.x,2.6.20,2.6.20,deploy-cauat4-pb-WAR_release-2.6.20.x
2023-10-08 12:50:16,cauat4,pk,1,,Undeployed,2.6.20.x,2.6.20,2.6.20,deploy-cauat4-pk-WAR_release-2.6.20.x
2023-10-08 12:50:19,cauat4,pt,,,Undeployed,2.6.20.x,2.6.20,2.6.20,deploy-cauat4-pt-WAR_release-2.6.20.x
2023-10-08 12:50:21,cauat4,we,1,,Undeployed,2.6.20.x,2.6.20,2.6.20,deploy-cauat4-we-WAR_release-2.6.20.x
2023-10-08 12:50:23,cauat4,ws,1,,Undeployed,2.6.20.x,2.6.20,2.6.20,deploy-cauat4-ws-WAR_release-2.6.20.x
2023-10-08 12:50:30,cauat6,pb,1,,2023-10-07 05:59,2.6.10.x,2.6.10,2.6.10,deploy-cauat6-pb-WAR_release-2.6.10.x
2023-10-08 12:50:32,cauat6,pk,1,,2023-09-28 10:51,2.6.10.x,2.6.10,,deploy-cauat6-pk-WAR_release-2.6.10.x
2023-10-08 12:50:34,cauat6,pt,,,2023-09-28 10:52,2.6.10.x,2.6.10,2.6.10,deploy-cauat6-pt-WAR_release-2.6.10.x
2023-10-08 12:50:37,cauat6,we,1,,2023-09-27 11:23,2.6.10.x,2.6.10,2.6.10,deploy-cauat6-we-WAR_release-2.6.10.x
2023-10-08 12:50:39,cauat6,ws,1,,2023-09-23 07:52,2.6.10.x,2.6.10,2.6.10,deploy-cauat6-ws-WAR_release-2.6.10.x
2023-10-08 12:50:46,cauat7,pb,,,2023-09-19 07:46,2.6.20.x,2.6.20,2.6.20,deploy-cauat7-pb-WAR_release-2.6.20.x
2023-10-08 12:50:48,cauat7,pk,,,2023-09-19 07:47,2.6.20.x,2.6.20,2.6.20,deploy-cauat7-pk-WAR_release-2.6.20.x
2023-10-08 12:50:51,cauat7,pt,,,2023-09-19 07:45,2.6.20.x,2.6.20,2.6.20,deploy-cauat7-pt-WAR_release-2.6.20.x
2023-10-08 12:50:53,cauat7,we,,,2023-09-19 08:29,2.6.20.x,2.6.20,2.6.20,deploy-cauat7-we-WAR_release-2.6.20.x
2023-10-08 12:50:55,cauat7,ws,,,2023-09-19 07:44,2.6.20.x,2.6.20,2.6.20,deploy-cauat7-ws-WAR_release-2.6.20.x
2023-10-08 15:04:13,int1,mg,,,2023-06-16 08:38,2.4,trunk,2.6,deploy-int1-mg-WAR_release
2023-10-08 15:04:16,int1,pb,,,2023-02-15 11:10,2.4,trunk,,deploy-int1-pb-WAR_release
2023-10-08 15:05:10,int1,pk,,,2023-02-15 08:49,2.4,trunk,2.6,deploy-int1-pk-WAR_release
2023-10-08 15:05:13,int1,pt,,,2023-02-15 08:59,2.4,trunk,2.6,deploy-int1-pt-WAR_release
2023-10-08 15:05:17,int1,we,,,2023-02-15 09:18,2.4,trunk,2.6,deploy-int1-we-WAR_release
2023-10-08 15:05:20,int1,ws,,,2023-02-15 09:24,2.4,trunk,2.6,deploy-int1-ws-WAR_release
2023-10-08 15:05:29,int2,mg,,,2023-07-12 09:27,2.4,trunk,2.6,deploy-int2-mg-WAR_release
2023-10-08 15:05:32,int2,pb,,,2023-07-12 09:27,2.4,trunk,,deploy-int2-pb-WAR_release
2023-10-08 15:05:34,int2,pk,,,2023-07-12 09:30,2.4,trunk,2.6,deploy-int2-pk-WAR_release
2023-10-08 15:05:37,int2,pt,,,2023-07-12 09:32,2.4,trunk,2.6,deploy-int2-pt-WAR_release
2023-10-08 15:05:40,int2,we,,,2023-07-12 09:34,2.4,trunk,2.6,deploy-int2-we-WAR_release
2023-10-08 15:05:43,int2,ws,,,2023-07-12 09:39,2.4,trunk,,deploy-int2-ws-WAR_release
2023-10-08 16:49:01,int3,gr,,,2023-10-08 03:29,2.6.20.x,2.6.20,2.6.20,deploy-int3-gr-WAR_release-2.6.20.x,success,200
2023-10-08 16:49:03,int3,mg,,,2023-10-08 03:29,2.6.20.x,2.6.20,2.6.20,deploy-int3-mg-WAR_release-2.6.20.x,success,200
2023-10-08 16:49:05,int3,pb,,,2023-10-08 03:39,2.6.20.x,2.6.20,2.6.20,deploy-int3-pb-WAR_release-2.6.20.x,success,200
2023-10-08 16:49:08,int3,pk,,,2023-10-08 03:51,2.6.20.x,2.6.20,2.6.20,deploy-int3-pk-WAR_release-2.6.20.x,success,200
2023-10-08 16:49:11,int3,pt,,,2023-10-08 03:32,2.6.20.x,2.6.20,2.6.20,deploy-int3-pt-WAR_release-2.6.20.x,success,200
2023-10-08 16:49:13,int3,rj,,,Undeployed,2.6.20.x,2.6.20,2.6.20,deploy-int3-rj-WAR_release-2.6.20.x,,200
2023-10-08 16:49:15,int3,we,,,Undeployed,2.6.20.x,2.6.20,,deploy-int3-we-WAR_release-2.6.20.x,,000
2023-10-08 16:50:09,int3,ws,,,Undeployed,2.6.20.x,2.6.20,2.6.20,deploy-int3-ws-WAR_release-2.6.20.x,,200
2023-10-08 15:52:23,int4,gr,,,2023-10-08 02:33,2.6.20.x,2.6.20,2.6.20,deploy-int4-gr-WAR_release-2.6.20.x,failure,200
2023-10-08 15:52:26,int4,mg,,,2023-10-08 03:10,2.6.20.x,2.6.20,2.6.20,deploy-int4-mg-WAR_release-2.6.20.x,success,200
2023-10-08 15:52:28,int4,pb,,,2023-10-08 03:32,2.6.20.x,2.6.20,2.6.20,deploy-int4-pb-WAR_release-2.6.20.x,success,200
2023-10-08 15:52:32,int4,pk,,,2023-10-08 02:14,2.6.20.x,2.6.20,2.6.20,deploy-int4-pk-WAR_release-2.6.20.x,success,200
2023-10-08 15:52:35,int4,pt,,,2023-10-08 02:07,2.6.20.x,2.6.20,2.6.20,deploy-int4-pt-WAR_release-2.6.20.x,success,200
2023-10-08 15:52:38,int4,rj,,,2023-10-08 02:09,2.6.20.x,2.6.20,2.6.20,deploy-int4-rj-WAR_release-2.6.20.x,success,200
2023-10-08 15:52:40,int4,we,,,2023-10-08 02:17,2.6.20.x,2.6.20,2.6.20,deploy-int4-we-WAR_release-2.6.20.x,success,200
2023-10-08 15:52:43,int4,ws,,,Undeployed,2.6.20.x,2.6.20,2.6.20,deploy-int4-ws-WAR_release-2.6.20.x,,200
2023-10-07 15:16:41,int5,gr,,,2023-10-01 06:06,2.6.18.x,2.6.18,2.6.18,deploy-int5-gr-WAR_release-2.6.18.x,failure,200
2023-10-08 15:10:06,int5,mg,,,2023-10-08 05:09,2.6.18.x,2.6.18,2.6.18,deploy-int5-mg-WAR_release-2.6.18.x
2023-10-08 15:10:10,int5,pb,,,2023-10-08 04:25,2.6.18.x,2.6.18,2.6.18,deploy-int5-pb-WAR_release-2.6.18.x
2023-10-08 15:10:15,int5,pk,,,2023-10-08 04:27,2.6.18.x,2.6.18,2.6.18,deploy-int5-pk-WAR_release-2.6.18.x
2023-10-08 15:10:19,int5,pt,,,2023-10-08 05:17,2.6.18.x,2.6.18,,deploy-int5-pt-WAR_release-2.6.18.x
2023-10-07 15:16:56,int5,rj,,,2023-10-01 05:44,2.6.18.x,2.6.18,2.6.18,deploy-int5-rj-WAR_release-2.6.18.x,success,200
2023-10-08 15:10:22,int5,we,,,2023-10-01 04:48,2.6.18.x,2.6.18,2.6.18,deploy-int5-we-WAR_release-2.6.18.x
2023-10-08 15:10:26,int5,ws,,,2023-10-01 05:22,2.6.18.x,2.6.18,2.6.18,deploy-int5-ws-WAR_release-2.6.18.x
2023-10-08 15:10:36,int6,mg,,,Undeployed,2.4,trunk,,
2023-10-08 15:10:40,int6,pb,,,Undeployed,2.4,trunk,,
2023-10-08 15:10:44,int6,pk,,,Undeployed,2.4,trunk,2.6,
2023-10-08 15:10:51,int6,pt,,,Undeployed,2.4,trunk,2.6,
2023-10-08 15:10:57,int6,we,,,Undeployed,2.4,trunk,2.6,
2023-10-08 15:11:05,int6,ws,,,Undeployed,2.4,trunk,2.6,
2023-10-08 15:11:17,int7,mg,,,Undeployed,2.6.22.x,2.6.22,2.6,
2023-10-08 15:11:22,int7,pb,,,Undeployed,2.6.22.x,2.6.22,2.6,
2023-10-08 15:11:27,int7,pk,,,Undeployed,2.6.22.x,2.6.22,2.6,
2023-10-08 15:11:37,int7,pt,,,Undeployed,2.6.22.x,2.6.22,2.6,
2023-10-08 15:11:43,int7,we,,,Undeployed,2.6.22.x,2.6.22,,
2023-10-08 15:11:47,int7,ws,,,Undeployed,2.6.22.x,2.6.22,,
2023-10-08 23:14:38,perf,mg,1,,Undeployed,2.6.20.x,2.6.20,2.6.20,deploy-perf-mg-WAR_release-2.6.20.x,,200
2023-10-08 23:14:42,perf,pb,1,,2023-09-18 03:26,2.6.20.x,2.6.20,2.6.20,deploy-perf-pb-WAR_release-2.6.20.x,success,200
2023-10-08 23:14:44,perf,pk,1,,2023-09-18 03:10,2.6.20.x,2.6.20,2.6.20,deploy-perf-pk-WAR_release-2.6.20.x,success,200
2023-10-08 23:14:47,perf,pt,1,,2023-09-18 03:43,2.6.20.x,2.6.20,2.6.20,deploy-perf-pt-WAR_release-2.6.20.x,success,200
2023-10-08 23:14:50,perf,rj,1,,Undeployed,2.6.20.x,2.6.20,2.6.20,deploy-perf-rj-WAR_release-2.6.20.x,,200
2023-10-08 23:14:53,perf,we,1,,2023-09-18 03:26,2.6.20.x,2.6.20,2.6.20,deploy-perf-we-WAR_release-2.6.20.x,success,200
2023-10-08 23:14:56,perf,ws,1,,Undeployed,2.6.20.x,2.6.20,2.6.20,deploy-perf-ws-WAR_release-2.6.20.x,,200
2023-10-09 03:57:10,qa1,mg,,,2023-10-05 06:01,2.6.10.x,2.6.10,2.6.10,deploy-qa1-mg-WAR_release-2.6.10.x
2023-10-09 03:57:12,qa1,pb,,,2023-08-01 06:42,2.6.10.x,2.6.10,2.6.10,deploy-qa1-pb-WAR_release-2.6.10.x
2023-10-09 03:57:18,qa1,pk,,,2023-10-06 08:21,2.6.10.x,2.6.10,2.6.10,deploy-qa1-pk-WAR_release-2.6.10.x
2023-10-09 03:57:21,qa1,pt,,,2023-08-01 06:42,2.6.10.x,2.6.10,2.6.10,deploy-qa1-pt-WAR_release-2.6.10.x
2023-10-09 03:57:26,qa1,we,,,2023-08-01 06:43,2.6.10.x,2.6.10,2.6.10,deploy-qa1-we-WAR_release-2.6.10.x
2023-10-09 03:57:31,qa1,ws,,,2023-08-01 06:43,2.6.10.x,2.6.10,2.6.10,deploy-qa1-ws-WAR_release-2.6.10.x
2023-02-08 11:56:08,qa10,gr,,,Undeployed,2.6.4.x,2.6.4,,,,000
2023-10-09 03:57:41,qa10,mg,1,,2023-10-08 11:48,2.6.20.x,2.6.20,2.6.20,deploy-qa10-mg-WAR_release-2.6.20.x
2023-10-09 03:57:44,qa10,pb,1,,Undeployed,2.6.20.x,2.6.20,2.6.20,deploy-qa10-pb-WAR_release-2.6.20.x
2023-10-09 03:57:48,qa10,pk,1,,2023-10-08 12:09,2.6.20.x,2.6.20,2.6.20,deploy-qa10-pk-WAR_release-2.6.20.x
2023-10-09 03:57:51,qa10,pt,1,,2023-10-08 12:05,2.6.20.x,2.6.20,2.6.20,deploy-qa10-pt-WAR_release-2.6.20.x
2023-10-08 21:54:07,qa10,rj,1,,2023-10-08 12:38,2.6.20.x,2.6.20,2.6.20,deploy-qa10-rj-WAR_release-2.6.20.x,success,200
2023-10-09 03:57:55,qa10,we,1,,2023-10-08 12:09,2.6.20.x,2.6.20,2.6.20,deploy-qa10-we-WAR_release-2.6.20.x
2023-10-09 03:57:59,qa10,ws,1,,2023-10-09 03:27,2.6.20.x,2.6.20,2.6.20,deploy-qa10-ws-WAR_release-2.6.20.x
2023-10-09 03:58:09,qa11,mg,1,,2023-10-08 01:40,2.6.20.x,2.6.20,2.6.20,deploy-qa11-mg-WAR_release-2.6.20.x
2023-10-09 03:58:12,qa11,pb,1,,2023-10-08 01:57,2.6.20.x,2.6.20,2.6.20,deploy-qa11-pb-WAR_release-2.6.20.x
2023-10-09 03:58:17,qa11,pk,1,,Undeployed,2.6.20.x,2.6.20,2.6.20,deploy-qa11-pk-WAR_release-2.6.20.x
2023-10-09 03:58:20,qa11,pt,1,,2023-10-08 01:44,2.6.20.x,2.6.20,2.6.20,deploy-qa11-pt-WAR_release-2.6.20.x
2023-10-08 21:54:46,qa11,rj,1,,2023-10-08 01:43,2.6.20.x,2.6.20,2.6.20,deploy-qa11-rj-WAR_release-2.6.20.x,success,200
2023-10-09 03:58:25,qa11,we,1,,2023-10-08 01:49,2.6.20.x,2.6.20,2.6.20,deploy-qa11-we-WAR_release-2.6.20.x
2023-10-09 03:58:29,qa11,ws,1,,Undeployed,2.6.20.x,2.6.20,2.6.20,deploy-qa11-ws-WAR_release-2.6.20.x
2023-10-09 03:58:39,qa12,mg,1,,2023-10-06 12:32,2.6.10.x,2.6.10,2.6.10,deploy-qa12-mg-WAR_release-2.6.10.x
2023-10-09 03:58:42,qa12,pb,1,,2023-10-05 07:16,2.6.10.x,2.6.10,2.6.10,deploy-qa12-pb-WAR_release-2.6.10.x
2023-10-09 03:58:47,qa12,pk,1,,2023-10-06 08:21,2.6.10.x,2.6.10,2.6.10,deploy-qa12-pk-WAR_release-2.6.10.x
2023-10-09 03:58:50,qa12,pt,1,,2023-08-01 06:59,2.6.10.x,2.6.10,2.6.10,deploy-qa12-pt-WAR_release-2.6.10.x
2023-10-09 03:58:54,qa12,we,1,,2023-08-01 09:36,2.6.10.x,2.6.10,2.6.10,deploy-qa12-we-WAR_release-2.6.10.x
2023-10-09 03:58:59,qa12,ws,1,,2023-08-01 09:40,2.6.10.x,2.6.10,2.6.10,deploy-qa12-ws-WAR_release-2.6.10.x
2023-10-09 03:59:10,qa13,mg,,,2023-10-04 09:26,2.6.16.x,2.6.16,2.6.16,deploy-qa13-mg-WAR_release-2.6.16.x
2023-10-09 03:59:12,qa13,pb,,,2023-10-04 10:10,2.6.16.x,2.6.16,2.6.16,deploy-qa13-pb-WAR_release-2.6.16.x
2023-10-09 03:59:16,qa13,pk,,,2023-10-04 10:00,2.6.16.x,2.6.16,2.6.16,deploy-qa13-pk-WAR_release-2.6.16.x
2023-10-09 03:59:19,qa13,pt,,,2023-10-04 09:28,2.6.16.x,2.6.16,2.6.16,deploy-qa13-pt-WAR_release-2.6.16.x
2023-10-09 03:59:23,qa13,we,,,2023-10-04 10:06,2.6.16.x,2.6.16,2.6.16,deploy-qa13-we-WAR_release-2.6.16.x
2023-10-09 03:59:26,qa13,ws,,,2023-10-04 09:27,2.6.16.x,2.6.16,2.6.16,deploy-qa13-ws-WAR_release-2.6.16.x
2023-10-09 03:59:34,qa14,mg,,1,2023-10-05 05:54,2.4,Fuya-env-qa14,Fuya-env-qa14,deploy-qa14-mg-WAR_env-qa14
2023-10-09 03:59:37,qa14,pb,,1,2023-10-05 06:34,2.4,Fuya-env-qa14,Fuya-env-qa14,deploy-qa14-pb-WAR_env-qa14
2023-10-09 03:59:42,qa14,pk,,1,2023-08-30 06:19,2.4,Fuya-env-qa14,,deploy-qa14-pk-WAR_env-qa14
2023-10-09 03:59:45,qa14,pt,,1,2023-08-30 06:01,2.4,Fuya-env-qa14,Fuya-env-qa14,deploy-qa14-pt-WAR_env-qa14
2023-10-08 21:56:12,qa14,rj,1,1,2023-08-30 06:41,2.4,Fuya-env-qa14,Fuya-env-qa14,deploy-qa14-rj-WAR_env-qa14,failure,200
2023-10-09 03:59:50,qa14,we,,1,2023-08-30 06:12,2.4,Fuya-env-qa14,Fuya-env-qa14,deploy-qa14-we-WAR_env-qa14
2023-10-09 03:59:55,qa14,ws,,1,2023-08-30 05:51,2.4,Fuya-env-qa14,Fuya-env-qa14,deploy-qa14-ws-WAR_env-qa14
2023-10-09 04:00:05,qa15,mg,,,2023-10-05 06:59,2.4,trunk,2.6,deploy-qa15-mg-WAR_release
2023-10-09 04:00:08,qa15,pb,,,2023-07-18 07:48,2.4,trunk,,deploy-qa15-pb-WAR_release
2023-10-09 04:00:11,qa15,pk,,,2023-08-01 10:57,2.4,trunk,2.6,deploy-qa15-pk-WAR_release
2023-10-09 04:00:15,qa15,pt,,,2023-06-12 10:27,2.4,trunk,2.6,deploy-qa15-pt-WAR_release
2023-10-09 04:00:19,qa15,we,,,2023-08-22 06:03,2.4,trunk,2.6,deploy-qa15-we-WAR_release
2023-10-09 04:00:23,qa15,ws,,,2023-06-12 10:28,2.4,trunk,2.6,deploy-qa15-ws-WAR_release
2023-10-09 04:00:32,qa16,mg,,,2023-10-05 06:15,2.4,trunk,2.6,deploy-qa16-mg-WAR_release
2023-10-09 04:00:35,qa16,pb,,,2023-10-08 05:22,2.4,trunk,,deploy-qa16-pb-WAR_release
2023-10-09 04:01:29,qa16,pk,,,2023-07-18 07:52,2.4,trunk,2.6,deploy-qa16-pk-WAR_release
2023-10-09 04:01:33,qa16,pt,,,2023-08-22 05:54,2.4,trunk,2.6,deploy-qa16-pt-WAR_release
2023-10-09 04:01:36,qa16,we,,,2023-05-15 11:53,2.4,trunk,2.6,deploy-qa16-we-WAR_release
2023-10-09 04:01:41,qa16,ws,,,2023-08-01 10:57,2.4,trunk,2.6,deploy-qa16-ws-WAR_release
2023-10-09 04:02:01,qa17,mg,,,2023-10-05 01:36,2.4,Rainier-develop,Rainier-develop,deploy-qa17-mg-WAR_develop
2023-10-09 04:02:06,qa17,pb,,,2023-10-09 01:45,2.4,Rainier-develop,,deploy-qa17-pb-WAR_develop
2023-10-09 04:03:00,qa17,pk,,,2023-10-05 01:36,2.4,Rainier-develop,Rainier-develop,deploy-qa17-pk-WAR_develop
2023-10-09 04:03:08,qa17,pt,,,2023-10-05 01:36,2.4,Rainier-develop,Rainier-develop,deploy-qa17-pt-WAR_develop
2023-10-09 04:03:13,qa17,we,,1,2023-10-08 08:52,2.4,Rainier-develop,Rainier-develop,deploy-qa17-we-WAR_develop
2023-10-09 04:03:17,qa17,ws,,,2023-10-05 01:36,2.4,Rainier-develop,Rainier-develop,deploy-qa17-ws-WAR_develop
2023-10-09 04:03:27,qa18,mg,,,2023-10-05 06:05,2.4,trunk,2.6,deploy-qa18-mg-WAR_release
2023-10-09 04:03:31,qa18,pb,,,2023-08-01 07:44,2.4,trunk,2.6,deploy-qa18-pb-WAR_release
2023-10-09 04:03:58,qa18,pk,,,2023-08-01 07:47,2.4,trunk,2.6,deploy-qa18-pk-WAR_release
2023-10-09 04:04:10,qa18,pt,,,2023-08-01 07:42,2.4,trunk,2.6,deploy-qa18-pt-WAR_release
2023-10-09 04:04:17,qa18,we,,,2023-08-01 07:42,2.4,trunk,2.6,deploy-qa18-we-WAR_release
2023-10-09 04:04:43,qa18,ws,,,2023-08-02 06:01,2.4,trunk,2.6,deploy-qa18-ws-WAR_release
2023-10-09 04:04:55,qa19,mg,,,2023-09-20 08:30,2.4,MontBlanc-develop,MontBlanc-develop,deploy-qa19-mg-WAR_develop
2023-10-09 04:04:59,qa19,pb,,,2023-10-06 12:00,2.4,MontBlanc-develop,,deploy-qa19-pb-WAR_develop
2023-10-09 04:05:54,qa19,pk,,,2023-10-06 12:06,2.4,MontBlanc-develop,MontBlanc-develop,deploy-qa19-pk-WAR_develop
2023-10-09 04:05:59,qa19,pt,,,2023-09-20 08:46,2.4,MontBlanc-develop,MontBlanc-develop,deploy-qa19-pt-WAR_develop
2023-10-09 04:06:05,qa19,we,,,2023-09-20 08:18,2.4,MontBlanc-develop,MontBlanc-develop,deploy-qa19-we-WAR_develop
2023-10-09 04:06:10,qa19,ws,,,2023-09-20 08:18,2.4,MontBlanc-develop,MontBlanc-develop,deploy-qa19-ws-WAR_develop
2023-10-09 01:10:09,qa2,mg,1,,2023-10-06 11:51,2.4,Denali-denali-wrk-191104,Denali-denali-wrk-191104,deploy-qa2-mg-WAR_denali-wrk-191104,success,200
2023-10-09 01:10:51,qa2,pb,1,,2023-10-08 05:41,2.4,Denali-denali-wrk-191104,,deploy-qa2-pb-WAR_denali-wrk-191104,success,000
2023-10-09 01:11:45,qa2,pk,1,,2023-10-07 10:47,2.4,Denali-denali-wrk-191104,Denali-denali-wrk-191104,deploy-qa2-pk-WAR_denali-wrk-191104,success,200
2023-10-09 01:11:49,qa2,pt,1,,2023-10-07 10:47,2.4,Denali-denali-wrk-191104,Denali-denali-wrk-191104,deploy-qa2-pt-WAR_denali-wrk-191104,success,200
2023-10-09 01:11:52,qa2,rj,1,,2023-10-07 10:47,2.4,Denali-denali-wrk-191104,Denali-denali-wrk-191104,deploy-qa2-rj-WAR_denali-wrk-191104,success,200
2023-10-09 01:11:54,qa2,we,1,,2023-10-07 10:48,2.4,Denali-denali-wrk-191104,,deploy-qa2-we-WAR_denali-wrk-191104,success,200
2023-10-09 01:12:43,qa2,ws,1,,2023-10-07 10:48,2.4,Denali-denali-wrk-191104,Denali-denali-wrk-191104,deploy-qa2-ws-WAR_denali-wrk-191104,success,200
2023-10-09 01:19:15,qa20,mg,,,2023-10-08 02:26,2.4,Marcy-marcy-wrk-220110,Marcy-marcy-wrk-220110,deploy-qa20-mg-WAR_marcy-wrk-220110,success,200
2023-10-09 01:19:17,qa20,pb,,,2023-10-08 02:32,2.4,Marcy-marcy-wrk-220110,Marcy-marcy-wrk-220110,deploy-qa20-pb-WAR_marcy-wrk-220110,success,200
2023-10-09 01:19:21,qa20,pk,,,2023-10-09 01:17,2.4,Marcy-marcy-wrk-220110,,deploy-qa20-pk-WAR_marcy-wrk-220110,success,000
2023-10-09 01:20:15,qa20,pt,,,2023-10-08 04:46,2.4,Marcy-marcy-wrk-220110,Marcy-marcy-wrk-220110,deploy-qa20-pt-WAR_marcy-wrk-220110,success,200
2023-10-09 01:20:18,qa20,we,,,2023-10-08 04:35,2.4,Marcy-marcy-wrk-220110,Marcy-marcy-wrk-220110,deploy-qa20-we-WAR_marcy-wrk-220110,success,200
2023-10-09 01:20:21,qa20,ws,,,2023-10-08 02:26,2.4,Marcy-marcy-wrk-220110,Marcy-marcy-wrk-220110,deploy-qa20-ws-WAR_marcy-wrk-220110,success,200
2023-10-09 01:20:36,qa21,mg,,1,2023-10-08 08:24,2.4,Rainier-develop,Rainier-develop,deploy-qa21-mg-WAR_develop,success,200
2023-10-09 01:20:39,qa21,pb,,1,2023-10-08 08:12,2.4,Rainier-develop,Rainier-develop,deploy-qa21-pb-WAR_develop,success,200
2023-10-09 01:20:41,qa21,pk,,1,2023-10-08 08:24,2.4,Rainier-develop,Rainier-develop,deploy-qa21-pk-WAR_develop,success,200
2023-10-09 01:20:43,qa21,pt,,1,2023-10-08 09:06,2.4,Rainier-develop,Rainier-develop,deploy-qa21-pt-WAR_develop,success,200
2023-10-09 01:20:45,qa21,we,,1,2023-10-08 08:10,2.4,Rainier-develop,Rainier-develop,deploy-qa21-we-WAR_develop,success,200
2023-10-09 01:20:48,qa21,ws,,1,2023-10-08 08:24,2.4,Rainier-develop,Rainier-develop,deploy-qa21-ws-WAR_develop,success,200
2023-10-09 01:21:01,qa22,mg,,,2023-08-31 08:50,2.6.10.x,2.6.10,2.6.10,deploy-qa22-mg-WAR_release-2.6.10.x,success,200
2023-10-09 01:21:03,qa22,pb,,,2023-10-06 02:54,2.6.10.x,2.6.10,2.6.10,deploy-qa22-pb-WAR_release-2.6.10.x,success,200
2023-10-09 01:21:07,qa22,pk,,,2023-09-16 02:20,2.6.10.x,2.6.10,2.6.10,deploy-qa22-pk-WAR_release-2.6.10.x,success,200
2023-10-09 01:21:11,qa22,pt,,,2023-10-06 12:13,2.6.10.x,2.6.10,2.6.10,deploy-qa22-pt-WAR_release-2.6.10.x,success,200
2023-10-09 01:21:13,qa22,we,,,2023-08-07 11:54,2.6.10.x,2.6.10,2.6.10,deploy-qa22-we-WAR_release-2.6.10.x,success,200
2023-10-09 01:21:19,qa22,ws,,,2023-09-25 02:56,2.6.10.x,2.6.10,2.6.10,deploy-qa22-ws-WAR_release-2.6.10.x,success,200
2023-10-09 01:21:51,qa23,mg,,,2023-08-02 07:16,2.6.16.x,2.6.16,,deploy-qa23-mg-WAR_release-2.6.16.x,failure,503
2023-10-09 01:21:54,qa23,pb,,,2023-08-02 07:15,2.6.16.x,2.6.16,,deploy-qa23-pb-WAR_release-2.6.16.x,failure,503
2023-10-09 01:21:56,qa23,pk,,,2023-08-02 07:15,2.6.16.x,2.6.16,,deploy-qa23-pk-WAR_release-2.6.16.x,failure,503
2023-10-09 01:21:58,qa23,pt,,,2023-08-02 07:17,2.6.16.x,2.6.16,,deploy-qa23-pt-WAR_release-2.6.16.x,failure,503
2023-10-09 01:22:01,qa23,we,,,2023-08-14 06:34,2.6.16.x,2.6.16,,deploy-qa23-we-WAR_release-2.6.16.x,failure,503
2023-10-09 01:22:03,qa23,ws,,,2023-10-04 08:06,2.6.16.x,2.6.16,,deploy-qa23-ws-WAR_release-2.6.16.x,failure,503
2023-10-09 01:22:17,qa24,mg,,,2023-09-28 02:59,2.4,Denali-denali-wrk-191104,,deploy-qa24-mg-WAR_denali-wrk-191104,failure,500
2023-10-09 01:22:20,qa24,pb,,,2023-10-05 03:09,2.4,Denali-denali-wrk-191104,Denali-denali-wrk-191104,deploy-qa24-pb-WAR_denali-wrk-191104,success,200
2023-10-09 01:22:22,qa24,pk,,,2023-09-28 02:47,2.4,Denali-denali-wrk-191104,Denali-denali-wrk-191104,deploy-qa24-pk-WAR_denali-wrk-191104,success,200
2023-10-09 01:22:24,qa24,pt,,,2023-09-28 02:14,2.4,Denali-denali-wrk-191104,Denali-denali-wrk-191104,deploy-qa24-pt-WAR_denali-wrk-191104,success,200
2023-10-09 01:22:26,qa24,we,,,2023-09-28 02:59,2.4,Denali-denali-wrk-191104,Denali-denali-wrk-191104,deploy-qa24-we-WAR_denali-wrk-191104,success,200
2023-10-09 01:22:28,qa24,ws,,,2023-09-28 01:58,2.4,Denali-denali-wrk-191104,Denali-denali-wrk-191104,deploy-qa24-ws-WAR_denali-wrk-191104,success,200
2023-10-09 01:22:42,qa25,mg,,,2023-08-02 07:11,2.5.7.x,2.5.7,,deploy-qa25-mg-WAR_release-2.5.7.x,failure,000
2023-10-09 01:22:44,qa25,pb,,,2023-08-02 07:16,2.5.7.x,2.5.7,,deploy-qa25-pb-WAR_release-2.5.7.x,failure,000
2023-10-09 01:22:46,qa25,pk,,,2023-08-02 07:17,2.5.7.x,2.5.7,,deploy-qa25-pk-WAR_release-2.5.7.x,failure,000
2023-10-09 01:22:48,qa25,pt,,,2023-08-02 07:17,2.5.7.x,2.5.7,,deploy-qa25-pt-WAR_release-2.5.7.x,failure,000
2023-10-09 01:22:50,qa25,we,,,2023-08-02 07:15,2.5.7.x,2.5.7,,deploy-qa25-we-WAR_release-2.5.7.x,failure,000
2023-10-09 01:22:51,qa25,ws,,,2023-08-02 07:16,2.5.7.x,2.5.7,,deploy-qa25-ws-WAR_release-2.5.7.x,failure,000
2023-10-09 01:23:05,qa26,mg,,,2023-10-05 05:57,2.6.14.x,2.6.14,2.6.14,deploy-qa26-mg-WAR_release-2.6.14.x,failure,200
2023-10-09 01:23:08,qa26,pb,,,2023-10-06 12:00,2.6.14.x,2.6.14,2.6.14,deploy-qa26-pb-WAR_release-2.6.14.x,success,200
2023-10-09 01:23:10,qa26,pk,,,2023-10-06 12:10,2.6.14.x,2.6.14,2.6.14,deploy-qa26-pk-WAR_release-2.6.14.x,success,200
2023-10-09 01:23:12,qa26,pt,,,2023-08-02 07:04,2.6.14.x,2.6.14,2.6.14,deploy-qa26-pt-WAR_release-2.6.14.x,success,200
2023-10-09 01:23:14,qa26,we,,,2023-08-02 07:06,2.6.14.x,2.6.14,2.6.14,deploy-qa26-we-WAR_release-2.6.14.x,success,200
2023-10-09 01:23:16,qa26,ws,,,2023-08-02 07:11,2.6.14.x,2.6.14,2.6.14,deploy-qa26-ws-WAR_release-2.6.14.x,success,200
2023-10-09 01:23:29,qa27,mg,,,2023-10-05 05:52,2.4,Rimo-develop,Rimo-develop,deploy-qa27-mg-WAR_develop,success,200
2023-10-09 01:23:31,qa27,pb,,,2023-10-06 05:35,2.4,Rimo-develop,,deploy-qa27-pb-WAR_develop,failure,503
2023-10-09 01:23:34,qa27,pk,,,2023-10-08 10:52,2.4,Rimo-develop,Rimo-develop,deploy-qa27-pk-WAR_develop,success,200
2023-10-09 01:23:59,qa27,pt,,,2023-08-02 07:13,2.4,Rimo-develop,Rimo-develop,deploy-qa27-pt-WAR_develop,success,200
2023-10-09 01:24:03,qa27,rj,1,,2023-08-02 07:13,2.4,Rimo-develop,Rimo-develop,deploy-qa27-rj-WAR_develop,success,200
2023-10-09 01:24:05,qa27,we,,,2023-08-02 07:13,2.4,trunk,2.6,deploy-qa27-we-WAR_release,success,200
2023-10-09 01:24:13,qa27,ws,,,2023-09-13 02:16,2.4,trunk,,deploy-qa27-ws-WAR_release,success,000
2023-10-09 01:25:19,qa28,mg,,,2023-10-08 09:56,2.4,Rimo-develop,Rimo-develop,deploy-qa28-mg-WAR_develop,success,200
2023-10-09 01:25:22,qa28,pb,,,2023-10-08 09:56,2.4,Rimo-develop,Rimo-develop,deploy-qa28-pb-WAR_develop,success,200
2023-10-09 01:25:26,qa28,pk,,1,2023-10-08 09:56,2.4,Rimo-develop,Rimo-develop,deploy-qa28-pk-WAR_develop,success,200
2023-10-09 01:25:48,qa28,pt,,1,2023-10-08 09:55,2.4,Rimo-develop,Rimo-develop,deploy-qa28-pt-WAR_develop,success,200
2023-10-09 01:25:51,qa28,we,,,2023-10-08 09:56,2.4,Rimo-develop,Rimo-develop,deploy-qa28-we-WAR_develop,success,200
2023-10-09 01:25:54,qa28,ws,,,2023-10-08 09:56,2.4,Rimo-develop,Rimo-develop,deploy-qa28-ws-WAR_develop,success,200
2023-10-09 01:26:09,qa29,mg,,,2023-10-04 09:29,2.6.14.x,2.6.14,2.6.14,deploy-qa29-mg-WAR_release-2.6.14.x,success,200
2023-10-09 01:26:13,qa29,pb,,,2023-10-04 08:05,2.6.14.x,2.6.14,2.6.14,deploy-qa29-pb-WAR_release-2.6.14.x,success,200
2023-10-09 01:26:17,qa29,pk,,,2023-10-04 08:06,2.6.14.x,2.6.14,2.6.14,deploy-qa29-pk-WAR_release-2.6.14.x,success,200
2023-10-09 01:26:20,qa29,pt,,,2023-10-04 09:25,2.6.14.x,2.6.14,2.6.14,deploy-qa29-pt-WAR_release-2.6.14.x,success,200
2023-10-09 01:26:22,qa29,we,,,2023-10-04 08:47,2.6.14.x,2.6.14,2.6.14,deploy-qa29-we-WAR_release-2.6.14.x,success,200
2023-10-09 01:26:28,qa29,ws,,,2023-10-04 09:26,2.6.14.x,2.6.14,2.6.14,deploy-qa29-ws-WAR_release-2.6.14.x,success,200
2023-10-09 02:40:02,qa3,mg,,,2023-10-05 05:57,2.6.10.x,2.6.10,2.6.10,deploy-qa3-mg-WAR_release-2.6.10.x
2023-10-09 02:40:04,qa3,pb,,,2023-10-05 11:59,2.6.10.x,2.6.10,2.6.10,deploy-qa3-pb-WAR_release-2.6.10.x
2023-10-09 02:40:08,qa3,pk,,,2023-10-06 08:20,2.6.10.x,2.6.10,2.6.10,deploy-qa3-pk-WAR_release-2.6.10.x
2023-10-09 02:40:12,qa3,pt,,,2023-08-03 06:42,2.6.10.x,2.6.10,2.6.10,deploy-qa3-pt-WAR_release-2.6.10.x
2023-10-09 02:40:15,qa3,we,,,2023-08-03 06:41,2.6.10.x,2.6.10,2.6.10,deploy-qa3-we-WAR_release-2.6.10.x
2023-10-09 02:40:19,qa3,ws,,,2023-08-03 06:46,2.6.10.x,2.6.10,2.6.10,deploy-qa3-ws-WAR_release-2.6.10.x
2023-10-09 02:40:26,qa30,mg,,,2023-10-05 05:52,2.6.8.x,2.6.8,2.6.8,deploy-qa30-mg-WAR_release-2.6.8.x
2023-10-09 02:40:29,qa30,pb,,,2023-08-03 07:19,2.6.8.x,2.6.8,,deploy-qa30-pb-WAR_release-2.6.8.x
2023-10-09 02:40:32,qa30,pk,,,2023-10-06 08:30,2.6.8.x,2.6.8,2.6.8,deploy-qa30-pk-WAR_release-2.6.8.x
2023-10-09 02:40:35,qa30,pt,,,2023-08-03 06:46,2.6.8.x,2.6.8,2.6.8,deploy-qa30-pt-WAR_release-2.6.8.x
2023-10-09 02:40:37,qa30,we,,,2023-08-03 06:50,2.6.8.x,2.6.8,2.6.8,deploy-qa30-we-WAR_release-2.6.8.x
2023-10-09 02:40:41,qa30,ws,,,2023-08-03 07:27,2.6.8.x,2.6.8,2.6.8,deploy-qa30-ws-WAR_release-2.6.8.x
2023-02-08 10:30:44,qa31,gr,,,Undeployed,2.4,trunk,,,,000
2023-10-09 02:40:49,qa31,mg,1,,2023-10-08 05:42,2.6.20.x,2.6.20,2.6.20,deploy-qa31-mg-WAR_release-2.6.20.x
2023-10-09 02:40:51,qa31,pb,1,,2023-10-08 06:08,2.6.20.x,2.6.20,2.6.20,deploy-qa31-pb-WAR_release-2.6.20.x
2023-10-09 02:40:54,qa31,pk,1,,2023-10-08 05:52,2.6.20.x,2.6.20,2.6.20,deploy-qa31-pk-WAR_release-2.6.20.x
2023-10-09 02:40:57,qa31,pt,1,,2023-10-08 05:48,2.6.20.x,2.6.20,2.6.20,deploy-qa31-pt-WAR_release-2.6.20.x
2023-10-08 19:54:39,qa31,rj,1,,2023-10-08 05:49,2.6.20.x,2.6.20,2.6.20,deploy-qa31-rj-WAR_release-2.6.20.x,success,200
2023-10-09 02:40:59,qa31,we,1,,Undeployed,2.6.20.x,2.6.20,2.6.20,deploy-qa31-we-WAR_release-2.6.20.x
2023-10-09 02:41:03,qa31,ws,1,,2023-10-08 05:50,2.6.20.x,2.6.20,2.6.20,deploy-qa31-ws-WAR_release-2.6.20.x
2023-10-09 02:41:10,qa32,mg,,,2023-10-05 05:58,2.6.10.x,2.6.10,2.6.10,deploy-qa32-mg-WAR_release-2.6.10.x
2023-10-09 02:41:12,qa32,pb,,,2023-10-06 12:09,2.6.10.x,2.6.10,2.6.10,deploy-qa32-pb-WAR_release-2.6.10.x
2023-10-09 02:41:15,qa32,pk,,,2023-10-06 08:20,2.6.10.x,2.6.10,2.6.10,deploy-qa32-pk-WAR_release-2.6.10.x
2023-10-09 02:41:18,qa32,pt,,,2023-08-03 10:05,2.6.10.x,2.6.10,2.6.10,deploy-qa32-pt-WAR_release-2.6.10.x
2023-10-09 02:41:21,qa32,we,,,2023-08-03 10:05,2.6.10.x,2.6.10,2.6.10,deploy-qa32-we-WAR_release-2.6.10.x
2023-10-09 02:41:23,qa32,ws,,,2023-08-03 10:04,2.6.10.x,2.6.10,2.6.10,deploy-qa32-ws-WAR_release-2.6.10.x
2023-10-09 02:41:31,qa33,mg,,,2023-10-06 12:31,2.6.18.x,2.6.18,,deploy-qa33-mg-WAR_release-2.6.18.x
2023-10-09 02:41:35,qa33,pb,,,2023-09-19 10:46,2.6.18.x,2.6.18,,deploy-qa33-pb-WAR_release-2.6.18.x
2023-10-09 02:41:38,qa33,pk,,,2023-10-06 08:24,2.6.18.x,2.6.18,2.6.18,deploy-qa33-pk-WAR_release-2.6.18.x
2023-10-09 02:41:41,qa33,pt,,,2023-09-19 04:52,2.6.18.x,2.6.18,2.6.18,deploy-qa33-pt-WAR_release-2.6.18.x
2023-10-09 02:41:43,qa33,we,,,2023-09-19 08:55,2.6.18.x,2.6.18,2.6.18,deploy-qa33-we-WAR_release-2.6.18.x
2023-10-09 02:41:46,qa33,ws,,,2023-10-04 11:51,2.6.18.x,2.6.18,2.6.18,deploy-qa33-ws-WAR_release-2.6.18.x
2023-10-09 02:41:54,qa34,mg,,,2023-10-06 12:04,2.4,trunk,2.6,deploy-qa34-mg-WAR_release
2023-10-09 02:41:56,qa34,pb,,,2023-10-05 11:59,2.4,trunk,,deploy-qa34-pb-WAR_release
2023-10-09 02:42:51,qa34,pk,,,2022-08-04 12:22,2.4,trunk,2.6,deploy-qa34-pk-WAR_release
2023-10-09 02:42:53,qa34,pt,,,2023-07-04 05:09,2.4,trunk,2.6,deploy-qa34-pt-WAR_release
2023-10-09 02:42:56,qa34,we,,,2023-08-21 04:41,2.4,trunk,2.6,deploy-qa34-we-WAR_release
2023-10-09 02:42:58,qa34,ws,,,2023-07-07 07:42,2.4,trunk,2.6,deploy-qa34-ws-WAR_release
2023-10-09 02:43:06,qa35,mg,,1,2023-10-08 11:53,2.4,trunk,2.6,deploy-qa35-mg-WAR_release
2023-10-09 02:43:08,qa35,pb,,1,2023-10-08 11:53,2.4,trunk,,deploy-qa35-pb-WAR_release
2023-10-09 02:44:03,qa35,pk,,1,2023-10-08 11:53,2.4,trunk,2.6,deploy-qa35-pk-WAR_release
2023-10-09 02:44:05,qa35,pt,,1,2023-10-08 11:53,2.4,trunk,2.6,deploy-qa35-pt-WAR_release
2023-10-09 02:44:08,qa35,we,,1,2023-10-08 11:53,2.4,trunk,2.6,deploy-qa35-we-WAR_release
2023-10-09 02:44:11,qa35,ws,,1,2023-10-08 11:53,2.4,trunk,2.6,deploy-qa35-ws-WAR_release
2023-10-09 02:44:37,qa36,mg,,,2023-10-05 06:40,2.4,trunk,,deploy-qa36-mg-WAR_release
2023-10-09 02:44:40,qa36,pb,,,2023-08-04 04:02,2.4,trunk,,deploy-qa36-pb-WAR_release
2023-10-09 02:44:43,qa36,pk,,,2023-10-06 05:19,2.4,trunk,2.6,deploy-qa36-pk-WAR_release
2023-10-09 02:44:46,qa36,pt,,,2023-08-21 04:39,2.4,trunk,2.6,deploy-qa36-pt-WAR_release
2023-10-07 20:10:15,qa36,rj,,,2023-08-22 06:11,2.4,trunk,2.6,deploy-qa36-rj-WAR_release,success,200
2023-10-09 02:44:48,qa36,we,,,2023-10-02 08:43,2.4,trunk,2.6,deploy-qa36-we-WAR_release
2023-10-09 02:44:51,qa36,ws,,,2023-08-21 04:17,2.4,trunk,2.6,deploy-qa36-ws-WAR_release
2023-10-09 02:44:58,qa37,mg,1,,2023-10-08 04:12,2.6.20.x,2.6.20,2.6.20,deploy-qa37-mg-WAR_release-2.6.20.x
2023-10-09 02:45:01,qa37,pb,1,,2023-10-08 04:52,2.6.20.x,2.6.20,,deploy-qa37-pb-WAR_release-2.6.20.x
2023-10-09 02:45:56,qa37,pk,1,,2023-10-08 03:37,2.6.20.x,2.6.20,2.6.20,deploy-qa37-pk-WAR_release-2.6.20.x
2023-10-09 02:45:59,qa37,pt,1,,2023-10-08 03:33,2.6.20.x,2.6.20,2.6.20,deploy-qa37-pt-WAR_release-2.6.20.x
2023-10-09 02:46:02,qa37,we,1,,2023-10-08 03:42,2.6.20.x,2.6.20,2.6.20,deploy-qa37-we-WAR_release-2.6.20.x
2023-10-09 02:46:05,qa37,ws,1,,2023-10-08 03:30,2.6.20.x,2.6.20,2.6.20,deploy-qa37-ws-WAR_release-2.6.20.x
2023-10-09 02:46:12,qa38,mg,1,,2023-10-08 12:16,2.6.20.x,2.6.20,2.6.20,deploy-qa38-mg-WAR_release-2.6.20.x
2023-10-09 02:46:15,qa38,pb,1,,2023-10-08 12:16,2.6.20.x,2.6.20,2.6.20,deploy-qa38-pb-WAR_release-2.6.20.x
2023-10-09 02:46:18,qa38,pk,1,,2023-10-08 12:16,2.6.20.x,2.6.20,2.6.20,deploy-qa38-pk-WAR_release-2.6.20.x
2023-10-09 02:46:20,qa38,pt,1,,Undeployed,2.6.20.x,2.6.20,2.6.20,deploy-qa38-pt-WAR_release-2.6.20.x
2023-10-09 02:46:22,qa38,we,1,,2023-10-08 12:16,2.6.20.x,2.6.20,2.6.20,deploy-qa38-we-WAR_release-2.6.20.x
2023-10-09 02:46:25,qa38,ws,1,,2023-10-08 12:16,2.6.20.x,2.6.20,2.6.20,deploy-qa38-ws-WAR_release-2.6.20.x
2023-10-09 02:46:32,qa39,mg,,,2023-09-26 11:33,2.4,Denali-DENALI-7199,,deploy-qa39-mg-WAR_DENALI-7199
2023-10-09 02:46:51,qa39,pb,,,2023-09-25 10:23,2.4,Denali-DENALI-7199,,deploy-qa39-pb-WAR_DENALI-7199
2023-10-09 02:47:45,qa39,pk,,,2023-09-25 11:38,2.4,Denali-DENALI-7199,,deploy-qa39-pk-WAR_DENALI-7199
2023-10-09 02:48:39,qa39,pt,,,2023-09-25 10:48,2.4,Denali-DENALI-7199,,deploy-qa39-pt-WAR_DENALI-7199
2023-10-09 02:49:22,qa39,we,,,2023-09-25 11:38,2.4,Denali-DENALI-7199,,deploy-qa39-we-WAR_DENALI-7199
2023-10-09 02:50:16,qa39,ws,,,2023-09-26 11:31,2.4,Denali-DENALI-7199,,deploy-qa39-ws-WAR_DENALI-7199
2023-10-08 23:33:58,qa4,mg,1,,2023-10-05 06:55,2.4,trunk,2.6,deploy-qa4-mg-WAR_release,success,200
2023-10-08 23:34:01,qa4,pb,1,,2023-08-08 06:01,2.4,trunk,,deploy-qa4-pb-WAR_release,success,503
2023-10-08 23:34:04,qa4,pk,1,,2023-10-06 12:18,2.4,trunk,2.6,deploy-qa4-pk-WAR_release,success,200
2023-10-08 23:34:07,qa4,pt,1,,2023-07-12 09:18,2.4,Shasta-SHASTA-release,,deploy-qa4-pt-WAR_SHASTA-release,failure,404
2023-10-08 23:34:09,qa4,we,1,,2023-07-11 03:14,2.4,trunk,2.6,deploy-qa4-we-WAR_release,success,200
2023-10-08 23:34:13,qa4,ws,1,,2023-07-15 11:27,2.4,trunk,2.6,deploy-qa4-ws-WAR_release,success,200
2023-10-08 23:42:55,qa40,mg,,,2023-10-05 06:01,2.4,trunk,2.6,deploy-qa40-mg-WAR_release,success,200
2023-10-08 23:42:57,qa40,pb,,,2023-10-07 10:39,2.4,trunk,,deploy-qa40-pb-WAR_release,success,000
2023-10-08 23:43:51,qa40,pk,,,2023-07-18 11:03,2.4,trunk,2.6.10,deploy-qa40-pk-WAR_release,success,200
2023-10-08 23:43:56,qa40,pt,,,2023-07-18 11:17,2.4,trunk,2.6.10,deploy-qa40-pt-WAR_release,success,200
2023-10-08 23:43:59,qa40,we,,,2023-08-21 04:40,2.4,trunk,2.6,deploy-qa40-we-WAR_release,success,200
2023-10-08 23:44:04,qa40,ws,,,2023-07-18 11:15,2.4,trunk,2.6.10,deploy-qa40-ws-WAR_release,success,200
2023-10-08 23:44:21,qa41,mg,1,1,2023-10-04 06:30,2.6.20.x,2.6.20,2.6.20,deploy-qa41-mg-WAR_release-2.6.20.x,success,200
2023-10-08 23:44:23,qa41,pb,1,1,2023-10-04 06:45,2.6.20.x,2.6.20,2.6.20,deploy-qa41-pb-WAR_release-2.6.20.x,success,200
2023-10-08 23:44:27,qa41,pk,1,1,2023-10-04 06:43,2.6.20.x,2.6.20,2.6.20,deploy-qa41-pk-WAR_release-2.6.20.x,success,200
2023-10-08 23:44:30,qa41,pt,1,1,2023-10-04 06:29,2.6.20.x,2.6.20,,deploy-qa41-pt-WAR_release-2.6.20.x,success,000
2023-10-08 23:45:24,qa41,we,1,1,2023-10-04 06:47,2.6.20.x,2.6.20,2.6.20,deploy-qa41-we-WAR_release-2.6.20.x,success,200
2023-10-08 23:45:27,qa41,ws,1,1,2023-10-04 06:40,2.6.20.x,2.6.20,2.6.20,deploy-qa41-ws-WAR_release-2.6.20.x,success,200
2023-10-08 23:45:40,qa42,mg,,,2023-10-05 06:35,2.6.10.x,2.6.10,,deploy-qa42-mg-WAR_release-2.6.10.x,failure,500
2023-10-08 23:45:43,qa42,pb,,,2023-07-21 11:32,2.4,Shasta-SHASTA-develop,,deploy-qa42-pb-WAR_SHASTA-develop,success,503
2023-10-08 23:45:45,qa42,pk,,,2023-10-06 01:22,2.4,Rimo-develop,Rimo-develop,deploy-qa42-pk-WAR_develop,failure,200
2023-10-08 23:45:49,qa42,pt,,,2023-07-21 11:18,2.6.10.x,2.6.10,2.6.10,deploy-qa42-pt-WAR_release-2.6.10.x,success,200
2023-10-08 23:45:53,qa42,rj,1,,2023-07-21 12:03,2.6.10.x,2.6.10,,deploy-qa42-rj-WAR_release-2.6.10.x,failure,404
2023-10-08 23:45:55,qa42,we,,,2023-10-05 03:33,2.4,Shasta-SHASTA-develop,Shasta-SHASTA-develop,deploy-qa42-we-WAR_SHASTA-develop,success,200
2023-10-08 23:46:01,qa42,ws,,,2023-10-04 05:02,2.4,Shasta-SHASTA-develop,,deploy-qa42-ws-WAR_SHASTA-develop,success,000
2023-10-08 23:47:07,qa43,mg,,,2023-10-05 06:02,2.6.16.x,2.6.16,2.6.16,deploy-qa43-mg-WAR_release-2.6.16.x,success,200
2023-10-08 23:47:09,qa43,pb,,,2023-10-05 06:36,2.6.16.x,2.6.16,2.6.16,deploy-qa43-pb-WAR_release-2.6.16.x,success,200
2023-10-08 23:47:11,qa43,pk,,,2023-09-06 09:14,2.6.16.x,2.6.16,,deploy-qa43-pk-WAR_release-2.6.16.x,failure,000
2023-10-08 23:47:58,qa43,pt,,,2023-08-10 01:20,2.6.16.x,2.6.16,2.6.16,deploy-qa43-pt-WAR_release-2.6.16.x,success,200
2023-10-08 23:48:02,qa43,we,,,2023-10-05 06:36,2.6.16.x,2.6.16,,deploy-qa43-we-WAR_release-2.6.16.x,failure,000
2023-10-08 23:48:56,qa43,ws,,,2023-08-10 01:50,2.6.18.x,2.6.18,2.6.18,deploy-qa43-ws-WAR_release-2.6.18.x,success,200
2023-10-08 23:49:13,qa44,mg,,1,2023-10-08 12:47,2.4,trunk,2.6,deploy-qa44-mg-WAR_release,success,200
2023-10-08 23:49:15,qa44,pb,,1,2023-10-08 12:15,2.4,trunk,2.6,deploy-qa44-pb-WAR_release,success,200
2023-10-08 23:49:23,qa44,pk,,1,2023-10-08 12:45,2.4,trunk,2.6,deploy-qa44-pk-WAR_release,success,200
2023-10-08 23:49:28,qa44,pt,,1,2023-10-08 12:46,2.4,trunk,2.6,deploy-qa44-pt-WAR_release,success,200
2023-10-08 23:49:31,qa44,we,,1,2023-10-08 12:52,2.4,trunk,2.6,deploy-qa44-we-WAR_release,success,200
2023-10-08 23:49:35,qa44,ws,,1,2023-10-08 12:39,2.4,trunk,2.6,deploy-qa44-ws-WAR_release,success,200
2023-10-08 23:49:53,qa45,mg,,,2023-10-05 05:57,2.4,Kedarnath-develop,Kedarnath-develop,deploy-qa45-mg-WAR_develop,success,200
2023-10-08 23:49:55,qa45,pb,,,2023-10-06 12:12,2.4,Kedarnath-develop,Kedarnath-develop,deploy-qa45-pb-WAR_develop,success,200
2023-10-08 23:49:58,qa45,pk,,,2023-07-18 03:04,2.4,Kedarnath-develop,Kedarnath-develop,deploy-qa45-pk-WAR_develop,success,200
2023-10-08 23:50:03,qa45,pt,,,2023-08-21 04:48,2.4,Kedarnath-develop,Kedarnath-develop,deploy-qa45-pt-WAR_develop,success,200
2023-10-08 23:50:07,qa45,we,,,2023-07-18 03:08,2.4,Kedarnath-develop,Kedarnath-develop,deploy-qa45-we-WAR_develop,success,200
2023-10-08 23:50:12,qa45,ws,,,2023-07-18 03:00,2.4,Kedarnath-develop,Kedarnath-develop,deploy-qa45-ws-WAR_develop,success,200
2023-10-08 23:50:29,qa46,mg,,,2023-10-05 05:49,2.6.10.x,2.6.10,2.6.10,deploy-qa46-mg-WAR_release-2.6.10.x,success,200
2023-10-08 23:50:31,qa46,pb,,,2023-10-05 06:35,2.6.10.x,2.6.10,2.6.10,deploy-qa46-pb-WAR_release-2.6.10.x,success,200
2023-10-08 23:50:34,qa46,pk,,,2023-10-06 01:17,2.6.10.x,2.6.10,2.6.10,deploy-qa46-pk-WAR_release-2.6.10.x,failure,200
2023-10-08 23:50:36,qa46,pt,,,2023-07-10 06:45,2.6.10.x,2.6.10,2.6.10,deploy-qa46-pt-WAR_release-2.6.10.x,success,200
2023-10-08 23:50:38,qa46,we,,,2023-07-10 06:43,2.6.10.x,2.6.10,2.6.10,deploy-qa46-we-WAR_release-2.6.10.x,success,200
2023-10-08 23:50:41,qa46,ws,,,2023-07-10 06:47,2.6.10.x,2.6.10,2.6.10,deploy-qa46-ws-WAR_release-2.6.10.x,success,200
2023-10-08 23:50:54,qa47,gr,,,2023-10-05 12:50,2.6.20.x,2.6.20,,deploy-qa47-gr-WAR_release-2.6.20.x,failure,500
2023-10-08 23:50:57,qa47,mg,,,2023-10-05 12:21,2.6.20.x,2.6.20,2.6.20,deploy-qa47-mg-WAR_release-2.6.20.x,success,200
2023-10-08 23:50:59,qa47,pb,,,2023-10-05 11:49,2.6.20.x,2.6.20,2.6.20,deploy-qa47-pb-WAR_release-2.6.20.x,success,200
2023-10-08 23:51:01,qa47,pk,,,2023-10-05 11:43,2.6.20.x,2.6.20,2.6.20,deploy-qa47-pk-WAR_release-2.6.20.x,success,200
2023-10-08 23:51:03,qa47,pt,,,2023-10-05 11:46,2.6.20.x,2.6.20,2.6.20,deploy-qa47-pt-WAR_release-2.6.20.x,success,200
2023-10-08 23:51:05,qa47,rj,,,2023-10-05 12:46,2.6.20.x,2.6.20,,deploy-qa47-rj-WAR_release-2.6.20.x,failure,500
2023-10-08 23:51:07,qa47,we,,,2023-10-05 11:48,2.6.20.x,2.6.20,2.6.20,deploy-qa47-we-WAR_release-2.6.20.x,success,200
2023-10-08 23:51:09,qa47,ws,,,2023-10-05 12:36,2.6.20.x,2.6.20,2.6.20,deploy-qa47-ws-WAR_release-2.6.20.x,success,200
2023-10-08 23:51:22,qa49,mg,,,2023-10-05 10:53,2.6.22.x,2.6.22,2.6.22,deploy-qa49-mg-WAR_release-2.6.22.x,success,200
2023-10-08 23:51:25,qa49,pb,,,2023-10-05 07:12,2.6.22.x,2.6.22,,deploy-qa49-pb-WAR_release-2.6.22.x,failure,000
2023-10-08 23:52:19,qa49,pk,,,2023-10-06 06:26,2.6.22.x,2.6.22,2.6.22,deploy-qa49-pk-WAR_release-2.6.22.x,success,200
2023-10-08 23:52:21,qa49,pt,,,2023-10-06 05:51,2.6.22.x,2.6.22,2.6.22,deploy-qa49-pt-WAR_release-2.6.22.x,success,200
2023-10-08 23:52:24,qa49,rj,,,2023-10-05 10:53,2.6.22.x,2.6.22,2.6.22,deploy-qa49-rj-WAR_release-2.6.22.x,success,200
2023-10-08 23:52:26,qa49,we,,,2023-10-05 11:23,2.6.22.x,2.6.22,2.6.22,deploy-qa49-we-WAR_release-2.6.22.x,failure,200
2023-10-08 23:52:28,qa49,ws,,,2023-10-06 06:12,2.6.22.x,2.6.22,,deploy-qa49-ws-WAR_release-2.6.22.x,failure,500
2023-10-09 00:21:18,qa5,mg,,,2023-10-05 06:06,2.6.20.x,2.6.20,2.6.20,deploy-qa5-mg-WAR_release-2.6.20.x
2023-10-09 00:21:20,qa5,pb,,,2023-09-21 08:33,2.6.20.x,2.6.20,,deploy-qa5-pb-WAR_release-2.6.20.x
2023-10-09 00:21:24,qa5,pk,,,2023-10-06 01:21,2.6.20.x,2.6.20,2.6.20,deploy-qa5-pk-WAR_release-2.6.20.x
2023-10-09 00:21:27,qa5,pt,,,2023-09-27 10:04,2.6.20.x,2.6.20,2.6.20,deploy-qa5-pt-WAR_release-2.6.20.x
2023-10-09 00:21:32,qa5,we,,,2023-09-21 09:07,2.6.20.x,2.6.20,2.6.20,deploy-qa5-we-WAR_release-2.6.20.x
2023-10-09 00:21:37,qa5,ws,,,2023-09-27 10:04,2.6.20.x,2.6.20,2.6.20,deploy-qa5-ws-WAR_release-2.6.20.x
2023-10-09 00:21:46,qa51,mg,,,2023-09-22 06:56,2.6.20.x,2.6.20,2.6.20,deploy-qa51-mg-WAR_release-2.6.20.x
2023-10-09 00:21:49,qa51,pb,,,2023-10-05 06:41,2.6.20.x,2.6.20,,deploy-qa51-pb-WAR_release-2.6.20.x
2023-10-09 00:21:52,qa51,pk,,,2023-10-06 01:20,2.6.20.x,2.6.20,2.6.20,deploy-qa51-pk-WAR_release-2.6.20.x
2023-10-09 00:21:58,qa51,pt,,,2023-09-22 07:12,2.6.20.x,2.6.20,2.6.20,deploy-qa51-pt-WAR_release-2.6.20.x
2023-10-09 00:22:02,qa51,we,,,2023-09-22 06:22,2.6.20.x,2.6.20,2.6.20,deploy-qa51-we-WAR_release-2.6.20.x
2023-10-09 00:22:07,qa51,ws,,,2023-10-04 08:30,2.6.20.x,2.6.20,2.6.20,deploy-qa51-ws-WAR_release-2.6.20.x
2023-10-09 00:22:14,qa52,mg,1,,2023-10-05 06:43,2.6.8.x,2.6.8,2.6.8,deploy-qa52-mg-WAR_release-2.6.8.x
2023-10-09 00:22:18,qa52,pb,1,,2023-10-06 12:11,2.6.8.x,2.6.8,2.6.8,deploy-qa52-pb-WAR_release-2.6.8.x
2023-10-09 00:22:21,qa52,pk,1,,2023-10-06 06:21,2.6.8.x,2.6.8,2.6.8,deploy-qa52-pk-WAR_release-2.6.8.x
2023-10-09 00:22:26,qa52,pt,1,,2023-07-16 03:09,2.6.8.x,2.6.8,2.6.8,deploy-qa52-pt-WAR_release-2.6.8.x
2023-10-09 00:22:30,qa52,we,1,,2023-07-11 06:06,2.6.8.x,2.6.8,2.6.8,deploy-qa52-we-WAR_release-2.6.8.x
2023-10-09 00:22:36,qa52,ws,1,,2023-07-11 05:57,2.6.8.x,2.6.8,2.6.8,deploy-qa52-ws-WAR_release-2.6.8.x
2023-10-09 00:22:47,qa53,mg,,,2023-10-05 06:30,2.6.8.x,2.6.8,2.6.8,deploy-qa53-mg-WAR_release-2.6.8.x
2023-10-09 00:22:50,qa53,pb,,,2023-10-05 06:37,2.6.8.x,2.6.8,2.6.8,deploy-qa53-pb-WAR_release-2.6.8.x
2023-10-09 00:22:58,qa53,pk,,,2023-10-06 08:19,2.6.8.x,2.6.8,2.6.8,deploy-qa53-pk-WAR_release-2.6.8.x
2023-10-09 00:23:04,qa53,pt,,,2023-08-18 03:37,2.6.8.x,2.6.8,2.6.8,deploy-qa53-pt-WAR_release-2.6.8.x
2023-10-09 00:23:07,qa53,we,,,2023-08-18 02:11,2.6.8.x,2.6.8,2.6.8,deploy-qa53-we-WAR_release-2.6.8.x
2023-10-09 00:23:13,qa53,ws,,,2023-08-18 02:00,2.6.8.x,2.6.8,2.6.8,deploy-qa53-ws-WAR_release-2.6.8.x
2023-10-09 00:23:25,qa54,mg,1,,2023-10-06 07:03,2.6.20.x,2.6.20,2.6.20,deploy-qa54-mg-WAR_release-2.6.20.x
2023-10-09 00:23:29,qa54,pb,1,,2023-10-06 07:04,2.6.20.x,2.6.20,2.6.20,deploy-qa54-pb-WAR_release-2.6.20.x
2023-10-09 00:23:32,qa54,pk,1,,2023-10-06 12:57,2.6.20.x,2.6.20,2.6.20,deploy-qa54-pk-WAR_release-2.6.20.x
2023-10-09 00:23:35,qa54,pt,1,,2023-10-03 10:12,2.6.20.x,2.6.20,,deploy-qa54-pt-WAR_release-2.6.20.x
2023-10-08 17:18:13,qa54,rj,1,,2023-10-06 07:01,2.6.20.x,2.6.20,2.6.20,deploy-qa54-rj-WAR_release-2.6.20.x,success,200
2023-10-09 00:23:37,qa54,we,1,,2023-10-06 07:04,2.6.20.x,2.6.20,2.6.20,deploy-qa54-we-WAR_release-2.6.20.x
2023-10-09 00:23:40,qa54,ws,1,,2023-10-06 07:04,2.6.20.x,2.6.20,2.6.20,deploy-qa54-ws-WAR_release-2.6.20.x
2023-10-09 00:23:47,qa55,mg,,,2023-10-05 07:01,2.4,trunk,,deploy-qa55-mg-WAR_release
2023-10-09 00:23:51,qa55,pb,,,2023-08-18 10:10,2.4,trunk,,deploy-qa55-pb-WAR_release
2023-10-09 00:23:54,qa55,pk,,,2023-10-06 06:05,2.4,trunk,2.6,deploy-qa55-pk-WAR_release
2023-10-09 00:23:57,qa55,pt,,,2023-08-18 10:18,2.4,trunk,2.6,deploy-qa55-pt-WAR_release
2023-10-09 00:24:01,qa55,we,,,2023-08-18 10:15,2.4,trunk,2.6,deploy-qa55-we-WAR_release
2023-10-09 00:24:04,qa55,ws,,,2023-08-18 10:16,2.4,trunk,2.6,deploy-qa55-ws-WAR_release
2023-10-09 00:24:15,qa56,mg,,,2023-10-08 06:43,2.6.20.x,2.6.20,2.6.20,deploy-qa56-mg-WAR_release-2.6.20.x
2023-10-09 00:24:17,qa56,pb,,,2023-10-08 06:53,2.6.20.x,2.6.20,2.6.20,deploy-qa56-pb-WAR_release-2.6.20.x
2023-10-09 00:24:21,qa56,pk,,,2023-10-08 06:53,2.6.20.x,2.6.20,2.6.20,deploy-qa56-pk-WAR_release-2.6.20.x
2023-10-09 00:24:25,qa56,pt,,,2023-10-08 06:49,2.6.20.x,2.6.20,2.6.20,deploy-qa56-pt-WAR_release-2.6.20.x
2023-10-08 21:14:20,qa56,rj,1,,2023-10-08 06:50,2.6.20.x,2.6.20,2.6.20,deploy-qa56-rj-WAR_release-2.6.20.x,success,200
2023-10-09 00:24:27,qa56,we,,,2023-10-08 06:56,2.6.20.x,2.6.20,2.6.20,deploy-qa56-we-WAR_release-2.6.20.x
2023-10-09 00:24:31,qa56,ws,,,2023-10-08 06:50,2.6.20.x,2.6.20,2.6.20,deploy-qa56-ws-WAR_release-2.6.20.x
2023-10-09 00:24:40,qa57,mg,,,2023-10-05 06:04,2.6.20.x,2.6.20,2.6.20,deploy-qa57-mg-WAR_release-2.6.20.x
2023-10-09 00:24:43,qa57,pb,,,2023-10-05 06:38,2.6.20.x,2.6.20,2.6.20,deploy-qa57-pb-WAR_release-2.6.20.x
2023-10-09 00:24:46,qa57,pk,,,2023-10-06 05:49,2.6.20.x,2.6.20,2.6.20,deploy-qa57-pk-WAR_release-2.6.20.x
2023-10-09 00:24:50,qa57,pt,,,2023-09-27 10:11,2.6.20.x,2.6.20,2.6.20,deploy-qa57-pt-WAR_release-2.6.20.x
2023-10-09 00:24:53,qa57,we,,,2023-09-06 01:55,2.6.20.x,2.6.20,2.6.20,deploy-qa57-we-WAR_release-2.6.20.x
2023-10-09 00:24:56,qa57,ws,,,2023-09-27 10:23,2.6.20.x,2.6.20,2.6.20,deploy-qa57-ws-WAR_release-2.6.20.x
2023-10-08 06:23:17,qa6,mg,,,2023-10-05 05:53,2.6.12.x,2.6.12,2.6.12,deploy-qa6-mg-WAR_release-2.6.12.x
2023-10-08 06:23:21,qa6,pb,,,2023-07-12 09:20,2.6.12.x,2.6.12,,deploy-qa6-pb-WAR_release-2.6.12.x
2023-10-08 06:23:25,qa6,pk,,,2023-10-06 12:22,2.6.12.x,2.6.12,2.6.12,deploy-qa6-pk-WAR_release-2.6.12.x
2023-10-08 06:23:28,qa6,pt,,,2023-07-12 09:20,2.6.12.x,2.6.12,2.6.12,deploy-qa6-pt-WAR_release-2.6.12.x
2023-10-08 06:23:32,qa6,we,,,2023-08-16 04:06,2.6.12.x,2.6.12,2.6.12,deploy-qa6-we-WAR_release-2.6.12.x
2023-10-08 06:23:37,qa6,ws,,,2023-09-21 12:25,2.6.12.x,2.6.12,2.6.12,deploy-qa6-ws-WAR_release-2.6.12.x
2023-10-08 21:10:34,qa7,gr,,,2023-10-05 10:32,2.6.20.x,2.6.20,2.6.20,deploy-qa7-gr-WAR_release-2.6.20.x,failure,200
2023-10-09 03:13:55,qa7,mg,,,2023-10-05 11:54,2.6.20.x,2.6.20,2.6.20,deploy-qa7-mg-WAR_release-2.6.20.x
2023-10-09 03:13:58,qa7,pb,,,2023-10-06 09:56,2.6.20.x,2.6.20,2.6.20,deploy-qa7-pb-WAR_release-2.6.20.x
2023-10-09 03:14:12,qa7,pk,,,2023-10-06 06:14,2.6.20.x,2.6.20,2.6.20,deploy-qa7-pk-WAR_release-2.6.20.x
2023-10-09 03:14:15,qa7,pt,,,2023-10-02 08:39,2.6.20.x,2.6.20,2.6.20,deploy-qa7-pt-WAR_release-2.6.20.x
2023-10-08 21:10:47,qa7,rj,,,2023-10-05 10:09,2.6.20.x,2.6.20,2.6.20,deploy-qa7-rj-WAR_release-2.6.20.x,success,200
2023-10-09 03:14:18,qa7,we,,,2023-10-02 08:08,2.6.20.x,2.6.20,2.6.20,deploy-qa7-we-WAR_release-2.6.20.x
2023-10-09 03:14:22,qa7,ws,,,2023-10-04 03:02,2.6.20.x,2.6.20,2.6.20,deploy-qa7-ws-WAR_release-2.6.20.x
2023-10-08 12:44:21,qa8,mg,,,2023-10-05 06:06,2.4,Boyne-deploy,Boyne-deploy,deploy-qa8-mg-WAR_deploy
2023-10-08 12:44:24,qa8,pb,,,2023-10-05 06:46,2.4,Boyne-deploy,Boyne-deploy,deploy-qa8-pb-WAR_deploy
2023-10-08 12:44:29,qa8,pk,,,2023-08-22 05:58,2.4,Boyne-deploy,Boyne-deploy,deploy-qa8-pk-WAR_deploy
2023-10-08 12:44:32,qa8,pt,,,2023-08-22 05:50,2.4,Boyne-deploy,Boyne-deploy,deploy-qa8-pt-WAR_deploy
2023-09-29 12:43:36,qa8,rj,,,2023-08-22 05:53,2.4,Boyne-deploy,Boyne-deploy,deploy-qa8-rj-WAR_deploy,success,200
2023-10-08 12:44:37,qa8,we,,,2023-09-21 10:11,2.4,Boyne-deploy,Boyne-deploy,deploy-qa8-we-WAR_deploy
2023-10-08 12:44:41,qa8,ws,,,2023-08-22 06:55,2.4,Boyne-deploy,Boyne-deploy,deploy-qa8-ws-WAR_deploy
2023-10-09 00:56:28,qa9,mg,,1,2023-10-08 11:53,2.4,2.4,2.6,deploy-qa9-mg-WAR_release
2023-10-09 00:56:31,qa9,pb,,1,2023-10-08 11:53,2.4,2.4,2.6,deploy-qa9-pb-WAR_release
2023-10-09 00:56:45,qa9,pk,,1,2023-10-08 11:53,2.4,2.4,2.6,deploy-qa9-pk-WAR_release
2023-10-09 00:56:49,qa9,pt,,1,2023-10-08 11:53,2.4,2.4,2.6,deploy-qa9-pt-WAR_release
2023-10-09 00:56:52,qa9,we,,1,2023-10-08 11:53,2.4,2.4,2.6,deploy-qa9-we-WAR_release
2023-10-09 00:56:56,qa9,ws,,1,2023-10-08 11:53,2.4,2.4,2.6,deploy-qa9-ws-WAR_release
2023-10-08 18:04:08,qa99,gr,1,,2023-10-06 10:16,2.6.16.x,2.6.16,,deploy-qa99-gr-WAR_release-2.6.16.x,failure,500
2023-10-08 18:04:13,qa99,rj,1,,2023-09-20 05:16,2.6.16.x,2.6.16,,deploy-qa99-rj-WAR_release-2.6.16.x,failure,000
2023-10-08 20:11:05,rgs1,gr,1,,2023-10-08 04:43,2.6.22.x,2.6.22,2.6.22,deploy-rgs1-gr-WAR_release-2.6.22.x,success,200
2023-10-09 02:28:40,rgs1,mg,1,,2023-10-08 04:48,2.6.22.x,2.6.22,2.6.22,deploy-rgs1-mg-WAR_release-2.6.22.x
2023-10-09 02:28:43,rgs1,pb,1,,2023-10-08 04:43,2.6.22.x,2.6.22,2.6.22,deploy-rgs1-pb-WAR_release-2.6.22.x
2023-10-09 02:28:47,rgs1,pk,1,,2023-10-08 04:43,2.6.22.x,2.6.22,2.6.22,deploy-rgs1-pk-WAR_release-2.6.22.x
2023-10-09 02:28:51,rgs1,pt,1,,2023-10-08 04:43,2.6.22.x,2.6.22,2.6.22,deploy-rgs1-pt-WAR_release-2.6.22.x
2023-10-08 20:11:21,rgs1,rj,1,,2023-10-08 04:43,2.6.22.x,2.6.22,2.6.22,deploy-rgs1-rj-WAR_release-2.6.22.x,success,200
2023-10-09 02:28:55,rgs1,we,1,,2023-10-08 04:43,2.6.22.x,2.6.22,2.6.22,deploy-rgs1-we-WAR_release-2.6.22.x
2023-10-09 02:29:00,rgs1,ws,1,,2023-10-08 04:43,2.6.22.x,2.6.22,2.6.22,deploy-rgs1-ws-WAR_release-2.6.22.x
2023-10-09 02:29:09,rgs2,mg,,,2023-09-19 09:29,2.6.20.x,2.6.20,,deploy-rgs2-mg-WAR_release-2.6.20.x
2023-10-09 02:29:12,rgs2,pb,,,2023-10-08 10:56,2.6.20.x,2.6.20,2.6.20,deploy-rgs2-pb-WAR_release-2.6.20.x
2023-10-09 02:29:14,rgs2,pk,,,2023-09-19 09:36,2.6.20.x,2.6.20,2.6.20,deploy-rgs2-pk-WAR_release-2.6.20.x
2023-10-09 02:29:17,rgs2,pt,,,2023-09-19 09:25,2.6.20.x,2.6.20,2.6.20,deploy-rgs2-pt-WAR_release-2.6.20.x
2023-10-09 02:29:19,rgs2,we,,,2023-09-19 03:01,2.6.20.x,2.6.20,2.6.20,deploy-rgs2-we-WAR_release-2.6.20.x
2023-10-09 02:29:22,rgs2,ws,,,2023-09-19 09:13,2.6.20.x,2.6.20,2.6.20,deploy-rgs2-ws-WAR_release-2.6.20.x
2023-10-08 21:23:58,uat1,gr,1,,2023-10-04 06:55,2.6.20.x,2.6.20,2.6.20,deploy-uat1-gr-WAR_release-2.6.20.x,success,200
2023-10-08 21:24:00,uat1,mg,1,,2023-10-04 03:07,2.6.20.x,2.6.20,2.6.20,deploy-uat1-mg-WAR_release-2.6.20.x,success,200
2023-10-08 21:24:03,uat1,pb,,,2023-10-04 06:57,2.6.20.x,2.6.20,2.6.20,deploy-uat1-pb-WAR_release-2.6.20.x,success,200
2023-10-08 21:24:05,uat1,pk,,,2023-10-05 09:02,2.6.20.x,2.6.20,2.6.20,deploy-uat1-pk-WAR_release-2.6.20.x,success,200
2023-10-08 21:24:08,uat1,pt,,,2023-10-04 06:56,2.6.20.x,2.6.20,2.6.20,deploy-uat1-pt-WAR_release-2.6.20.x,success,200
2023-10-08 21:24:10,uat1,rj,1,,2023-10-04 06:55,2.6.20.x,2.6.20,2.6.20,deploy-uat1-rj-WAR_release-2.6.20.x,success,200
2023-10-08 21:24:13,uat1,we,1,,2023-10-08 07:07,2.6.20.x,2.6.20,2.6.20,deploy-uat1-we-WAR_release-2.6.20.x,success,200
2023-10-08 21:24:15,uat1,ws,1,,2023-10-08 07:06,2.6.20.x,2.6.20,2.6.20,deploy-uat1-ws-WAR_release-2.6.20.x,success,200
2023-10-08 12:51:38,uat2,mg,1,,2023-10-04 07:07,2.6.20.x,2.6.20,2.6.20,deploy-uat2-mg-WAR_release-2.6.20.x
2023-10-08 12:51:41,uat2,pb,1,,2023-10-04 07:09,2.6.20.x,2.6.20,2.6.20,deploy-uat2-pb-WAR_release-2.6.20.x
2023-10-08 12:51:47,uat2,pk,1,,2023-10-04 07:08,2.6.20.x,2.6.20,2.6.20,deploy-uat2-pk-WAR_release-2.6.20.x
2023-10-08 12:51:50,uat2,pt,1,,2023-10-04 07:09,2.6.20.x,2.6.20,2.6.20,deploy-uat2-pt-WAR_release-2.6.20.x
2023-10-02 20:52:01,uat2,rj,1,,2023-09-21 08:54,2.6.20.x,2.6.20,2.6.20,deploy-uat2-rj-WAR_release-2.6.20.x,success,200
2023-10-08 12:51:54,uat2,we,1,,2023-10-04 07:11,2.6.20.x,2.6.20,2.6.20,deploy-uat2-we-WAR_release-2.6.20.x
2023-10-08 12:52:01,uat2,ws,1,,2023-10-04 07:11,2.6.20.x,2.6.20,2.6.20,deploy-uat2-ws-WAR_release-2.6.20.x
2023-10-04 01:28:10,uat3,gr,1,,2023-10-03 08:13,2.6.22.x,2.6.22,,deploy-uat3-gr-WAR_release-2.6.22.x,success,000
2023-10-08 12:52:10,uat3,mg,1,,2023-10-06 01:07,2.6.22.x,2.6.22,2.6.22,deploy-uat3-mg-WAR_release-2.6.22.x
2023-10-08 12:52:13,uat3,pb,1,,2023-10-06 01:08,2.6.22.x,2.6.22,2.6.22,deploy-uat3-pb-WAR_release-2.6.22.x
2023-10-08 12:52:18,uat3,pk,1,,2023-10-06 01:11,2.6.22.x,2.6.22,2.6.22,deploy-uat3-pk-WAR_release-2.6.22.x
2023-10-08 12:52:24,uat3,pt,1,,2023-10-06 01:09,2.6.22.x,2.6.22,2.6.22,deploy-uat3-pt-WAR_release-2.6.22.x
2023-10-04 01:31:49,uat3,rj,1,,2023-10-03 08:21,2.6.22.x,2.6.22,,deploy-uat3-rj-WAR_release-2.6.22.x,success,000
2023-10-08 12:52:27,uat3,we,1,,2023-10-06 01:10,2.6.22.x,2.6.22,2.6.22,deploy-uat3-we-WAR_release-2.6.22.x
2023-10-08 12:52:31,uat3,ws,1,,2023-10-06 01:09,2.6.22.x,2.6.22,2.6.22,deploy-uat3-ws-WAR_release-2.6.22.x
2023-10-08 12:52:41,uat4,mg,,,2023-10-06 02:10,2.6.20.x,2.6.20,2.6.20,deploy-uat4-mg-WAR_release-2.6.20.x
2023-10-08 12:52:44,uat4,pb,,,2023-10-06 02:13,2.6.20.x,2.6.20,2.6.20,deploy-uat4-pb-WAR_release-2.6.20.x
2023-10-08 12:52:49,uat4,pk,,,2023-10-06 02:09,2.6.20.x,2.6.20,2.6.20,deploy-uat4-pk-WAR_release-2.6.20.x
2023-10-08 12:52:52,uat4,pt,,,2023-10-06 02:10,2.6.20.x,2.6.20,2.6.20,deploy-uat4-pt-WAR_release-2.6.20.x
2023-10-03 08:44:25,uat4,rj,1,,2023-09-28 08:04,2.6.20.x,2.6.20,2.6.20,deploy-uat4-rj-WAR_release-2.6.20.x,success,200
2023-10-08 12:52:56,uat4,we,,,2023-10-06 02:11,2.6.20.x,2.6.20,2.6.20,deploy-uat4-we-WAR_release-2.6.20.x
2023-10-08 12:53:01,uat4,ws,,,2023-10-03 05:50,2.6.20.x,2.6.20,,deploy-uat4-ws-WAR_release-2.6.20.x
2023-10-08 14:32:47,uat5,mg,,,2023-10-08 02:09,2.6.20.x,2.6.20,,deploy-uat5-mg-WAR_release-2.6.20.x,failure,404
2023-10-08 14:32:50,uat5,pb,,,2023-10-08 12:48,2.6.20.x,2.6.20,2.6.20,deploy-uat5-pb-WAR_release-2.6.20.x,success,200
2023-10-08 14:32:53,uat5,pk,,,2023-10-08 12:43,2.6.20.x,2.6.20,2.6.20,deploy-uat5-pk-WAR_release-2.6.20.x,success,200
2023-10-08 14:32:56,uat5,pt,,,2023-10-08 12:36,2.6.20.x,2.6.20,2.6.20,deploy-uat5-pt-WAR_release-2.6.20.x,success,200
2023-10-08 14:32:58,uat5,we,,,2023-10-08 01:27,2.6.20.x,2.6.20,,deploy-uat5-we-WAR_release-2.6.20.x,failure,500
2023-10-08 14:33:02,uat5,ws,,,2023-10-08 12:35,2.6.20.x,2.6.20,2.6.20,deploy-uat5-ws-WAR_release-2.6.20.x,success,200
2023-10-08 12:56:02,uat6,mg,,,2023-10-05 11:55,2.6.18.x,2.6.18,2.6.18,deploy-uat6-mg-WAR_release-2.6.18.x
2023-10-08 12:56:05,uat6,pb,,,2023-10-05 06:20,2.6.18.x,2.6.18,2.6.18,deploy-uat6-pb-WAR_release-2.6.18.x
2023-10-08 12:56:08,uat6,pk,,,2023-09-27 11:58,2.6.18.x,2.6.18,2.6.18,deploy-uat6-pk-WAR_release-2.6.18.x
2023-10-08 12:56:12,uat6,pt,,,2023-09-28 12:00,2.6.18.x,2.6.18,2.6.18,deploy-uat6-pt-WAR_release-2.6.18.x
2023-10-02 20:54:48,uat6,rj,1,,2023-09-28 09:28,2.6.18.x,2.6.18,2.6.18,deploy-uat6-rj-WAR_release-2.6.18.x,success,200
2023-10-08 12:56:15,uat6,we,,,2023-09-28 12:02,2.6.18.x,2.6.18,2.6.18,deploy-uat6-we-WAR_release-2.6.18.x
2023-10-08 12:56:19,uat6,ws,,,2023-10-03 02:52,2.6.18.x,2.6.18,2.6.18,deploy-uat6-ws-WAR_release-2.6.18.x
2023-10-08 12:56:27,uat7,mg,,,2023-10-05 06:35,2.6.20.x,2.6.20,2.6.20,deploy-uat7-mg-WAR_release-2.6.20.x
2023-10-08 12:56:30,uat7,pb,,,2023-10-06 09:22,2.6.20.x,2.6.20,2.6.20,deploy-uat7-pb-WAR_release-2.6.20.x
2023-10-08 12:56:34,uat7,pk,,,2023-09-19 01:59,2.6.20.x,2.6.20,2.6.20,deploy-uat7-pk-WAR_release-2.6.20.x
2023-10-08 12:56:38,uat7,pt,,,2023-09-19 07:46,2.6.20.x,2.6.20,,deploy-uat7-pt-WAR_release-2.6.20.x
2023-10-02 20:55:35,uat7,rj,1,,2023-09-20 12:54,2.6.20.x,2.6.20,,deploy-uat7-rj-WAR_release-2.6.20.x,failure,500
2023-10-08 12:56:40,uat7,we,,,2023-09-19 07:24,2.6.20.x,2.6.20,2.6.20,deploy-uat7-we-WAR_release-2.6.20.x
2023-10-08 12:56:44,uat7,ws,,,2023-09-19 07:16,2.6.20.x,2.6.20,2.6.20,deploy-uat7-ws-WAR_release-2.6.20.x
2023-10-02 20:55:52,uat8,gr,,,Undeployed,2.6.20.x,2.6.20,,deploy-uat8-gr-WAR_release-2.6.20.x,,000
2023-10-08 12:56:53,uat8,mg,,,Undeployed,2.6.20.x,2.6.20,2.6.18,deploy-uat8-mg-WAR_release-2.6.20.x
2023-10-08 12:56:56,uat8,pb,,,Undeployed,2.6.20.x,2.6.20,,deploy-uat8-pb-WAR_release-2.6.20.x
2023-10-08 12:56:59,uat8,pk,,,2023-10-08 12:47,2.6.20.x,2.6.20,2.6.20,deploy-uat8-pk-WAR_release-2.6.20.x
2023-10-08 12:57:03,uat8,pt,,,2023-10-08 12:48,2.6.20.x,2.6.20,2.6.20,deploy-uat8-pt-WAR_release-2.6.20.x
2023-10-02 20:56:02,uat8,rj,1,,2023-10-01 01:20,2.6.20.x,2.6.20,,deploy-uat8-rj-WAR_release-2.6.20.x,failure,500
2023-10-08 12:57:07,uat8,we,1,,Undeployed,2.6.20.x,2.6.20,,deploy-uat8-we-WAR_release-2.6.20.x
2023-10-08 12:57:10,uat8,ws,,,2023-10-08 12:47,2.6.20.x,2.6.20,2.6.20,deploy-uat8-ws-WAR_release-2.6.20.x
2023-10-09 04:26:38,qa8,mg,,,2023-10-05 06:06,2.4,Boyne-deploy,Boyne-deploy,deploy-qa8-mg-WAR_deploy
2023-10-09 04:26:41,qa8,pb,,,2023-10-05 06:46,2.4,Boyne-deploy,Boyne-deploy,deploy-qa8-pb-WAR_deploy
2023-10-09 04:26:47,qa8,pk,,,2023-08-22 05:58,2.4,Boyne-deploy,Boyne-deploy,deploy-qa8-pk-WAR_deploy
2023-10-09 04:26:51,qa8,pt,,,2023-08-22 05:50,2.4,Boyne-deploy,Boyne-deploy,deploy-qa8-pt-WAR_deploy
2023-10-09 04:26:56,qa8,we,,,2023-09-21 10:11,2.4,Boyne-deploy,Boyne-deploy,deploy-qa8-we-WAR_deploy
2023-10-09 04:27:01,qa8,ws,,,2023-08-22 06:55,2.4,Boyne-deploy,Boyne-deploy,deploy-qa8-ws-WAR_deploy
